Time,Signal,Price,Balance
2025-07-08T19:25:00.000000000Z,SELL,1.35915,101359.15
2025-07-08T20:15:00.000000000Z,BUY,1.35895,98641.25
2025-07-08T20:30:00.000000000Z,SELL,1.3588,101358.85
2025-07-08T20:45:00.000000000Z,BUY,1.35916,98640.53
2025-07-08T20:50:00.000000000Z,SELL,1.35915,101358.82999999999
2025-07-08T20:55:00.000000000Z,BUY,1.35928,98640.26999999999
2025-07-08T21:45:00.000000000Z,SELL,1.35887,101358.00999999998
2025-07-08T22:20:00.000000000Z,BUY,1.35919,98639.62999999998
2025-07-08T23:25:00.000000000Z,SELL,1.35897,101357.56999999998
2025-07-09T01:00:00.000000000Z,BUY,1.35866,98640.24999999997
2025-07-09T01:15:00.000000000Z,SELL,1.35828,101356.80999999997
2025-07-09T01:20:00.000000000Z,BUY,1.35866,98639.48999999996
2025-07-09T01:25:00.000000000Z,SELL,1.3583,101356.08999999997
2025-07-09T01:30:00.000000000Z,BUY,1.35868,98638.72999999998
2025-07-09T02:30:00.000000000Z,SELL,1.35804,101354.80999999997
2025-07-09T04:10:00.000000000Z,BUY,1.35722,98640.36999999997
2025-07-09T06:15:00.000000000Z,SELL,1.35842,101357.20999999996
2025-07-09T06:45:00.000000000Z,BUY,1.3596,98638.00999999995
2025-07-09T07:50:00.000000000Z,SELL,1.35844,101354.88999999996
2025-07-09T08:35:00.000000000Z,BUY,1.35997,98634.94999999995
2025-07-09T09:40:00.000000000Z,SELL,1.3595,101353.94999999995
2025-07-09T12:20:00.000000000Z,BUY,1.35926,98635.42999999996
2025-07-09T13:45:00.000000000Z,SELL,1.35868,101352.78999999995
2025-07-09T14:25:00.000000000Z,BUY,1.36021,98632.36999999994
2025-07-09T14:45:00.000000000Z,SELL,1.3594,101351.16999999993
2025-07-09T16:55:00.000000000Z,BUY,1.35842,98634.32999999993
2025-07-09T17:00:00.000000000Z,SELL,1.35812,101350.56999999992
2025-07-09T17:10:00.000000000Z,BUY,1.3589,98632.76999999993
2025-07-09T18:50:00.000000000Z,SELL,1.35867,101350.10999999993
2025-07-09T19:25:00.000000000Z,BUY,1.35961,98630.88999999993
2025-07-09T20:20:00.000000000Z,SELL,1.35854,101347.96999999991
2025-07-09T22:00:00.000000000Z,BUY,1.35912,98629.72999999992
2025-07-09T23:10:00.000000000Z,SELL,1.35882,101347.36999999994
2025-07-09T23:25:00.000000000Z,BUY,1.35921,98628.94999999992
2025-07-10T01:25:00.000000000Z,SELL,1.36046,101349.86999999994
2025-07-10T01:50:00.000000000Z,BUY,1.36082,98628.22999999992
2025-07-10T02:00:00.000000000Z,SELL,1.36076,101349.74999999991
2025-07-10T02:10:00.000000000Z,BUY,1.36105,98627.6499999999
2025-07-10T02:55:00.000000000Z,SELL,1.36075,101349.1499999999
2025-07-10T04:55:00.000000000Z,BUY,1.36053,98628.08999999991
2025-07-10T07:40:00.000000000Z,SELL,1.3604,101348.8899999999
2025-07-10T09:15:00.000000000Z,BUY,1.36142,98626.0499999999
2025-07-10T10:15:00.000000000Z,SELL,1.36096,101347.96999999991
2025-07-10T14:55:00.000000000Z,BUY,1.35552,98636.9299999999
2025-07-10T16:45:00.000000000Z,SELL,1.35644,101349.80999999991
2025-07-10T17:20:00.000000000Z,BUY,1.3567,98636.40999999992
2025-07-10T17:30:00.000000000Z,SELL,1.35617,101348.74999999991
2025-07-10T17:45:00.000000000Z,BUY,1.35722,98634.30999999991
2025-07-10T21:05:00.000000000Z,SELL,1.35758,101349.46999999991
2025-07-10T22:05:00.000000000Z,BUY,1.35832,98632.8299999999
2025-07-10T23:35:00.000000000Z,SELL,1.35832,101349.46999999991
2025-07-11T01:30:00.000000000Z,BUY,1.35627,98636.9299999999
2025-07-11T02:30:00.000000000Z,SELL,1.35574,101348.40999999992
2025-07-11T03:20:00.000000000Z,BUY,1.3563,98635.80999999991
2025-07-11T04:20:00.000000000Z,SELL,1.35552,101346.84999999992
2025-07-11T05:20:00.000000000Z,BUY,1.3562,98634.44999999992
2025-07-11T06:05:00.000000000Z,SELL,1.35444,101343.32999999993
2025-07-11T07:25:00.000000000Z,BUY,1.35528,98632.76999999993
2025-07-11T08:00:00.000000000Z,SELL,1.35369,101340.14999999994
2025-07-11T09:15:00.000000000Z,BUY,1.35416,98631.82999999993
2025-07-11T10:35:00.000000000Z,SELL,1.35392,101339.66999999993
2025-07-11T13:15:00.000000000Z,BUY,1.35075,98638.16999999993
2025-07-11T13:55:00.000000000Z,SELL,1.34952,101337.20999999993
2025-07-11T14:55:00.000000000Z,BUY,1.3505,98636.20999999993
2025-07-11T16:05:00.000000000Z,SELL,1.34997,101336.14999999994
2025-07-11T16:40:00.000000000Z,BUY,1.35075,98634.64999999994
2025-07-11T19:00:00.000000000Z,SELL,1.35056,101335.76999999993
2025-07-13T21:55:00.000000000Z,BUY,1.34884,98638.08999999994
2025-07-13T22:15:00.000000000Z,SELL,1.34862,101335.32999999993
2025-07-13T22:45:00.000000000Z,BUY,1.34904,98637.24999999994
2025-07-13T22:55:00.000000000Z,SELL,1.34844,101334.12999999995
2025-07-13T23:30:00.000000000Z,BUY,1.34919,98635.74999999994
2025-07-14T01:10:00.000000000Z,SELL,1.34992,101335.58999999994
2025-07-14T03:50:00.000000000Z,BUY,1.34804,98639.50999999995
2025-07-14T04:20:00.000000000Z,SELL,1.34782,101335.14999999997
2025-07-14T07:15:00.000000000Z,BUY,1.34648,98642.18999999997
2025-07-14T08:55:00.000000000Z,SELL,1.34758,101337.34999999998
2025-07-14T10:00:00.000000000Z,BUY,1.34888,98639.58999999997
2025-07-14T11:25:00.000000000Z,SELL,1.34866,101336.90999999997
2025-07-14T12:15:00.000000000Z,BUY,1.34916,98638.58999999997
2025-07-14T12:35:00.000000000Z,SELL,1.34754,101333.66999999995
2025-07-14T13:45:00.000000000Z,BUY,1.34806,98637.54999999996
2025-07-14T14:20:00.000000000Z,SELL,1.34748,101332.50999999995
2025-07-14T18:40:00.000000000Z,BUY,1.3435,98645.50999999995
2025-07-14T18:55:00.000000000Z,SELL,1.34287,101331.24999999994
2025-07-14T20:20:00.000000000Z,BUY,1.34288,98645.48999999993
2025-07-14T20:55:00.000000000Z,SELL,1.34268,101330.84999999992
2025-07-14T21:00:00.000000000Z,BUY,1.34331,98644.22999999992
2025-07-14T21:05:00.000000000Z,SELL,1.34271,101329.64999999994
2025-07-14T21:10:00.000000000Z,BUY,1.34296,98643.72999999992
2025-07-14T22:10:00.000000000Z,SELL,1.34272,101329.16999999993
2025-07-14T23:55:00.000000000Z,BUY,1.34279,98643.58999999994
2025-07-15T01:10:00.000000000Z,SELL,1.34304,101329.66999999993
2025-07-15T01:55:00.000000000Z,BUY,1.34337,98642.92999999993
2025-07-15T02:10:00.000000000Z,SELL,1.34308,101329.08999999994
2025-07-15T02:25:00.000000000Z,BUY,1.34348,98642.12999999995
2025-07-15T03:15:00.000000000Z,SELL,1.34342,101328.96999999994
2025-07-15T03:20:00.000000000Z,BUY,1.34338,98642.20999999993
2025-07-15T03:25:00.000000000Z,SELL,1.3433,101328.80999999994
2025-07-15T05:00:00.000000000Z,BUY,1.34348,98641.84999999995
2025-07-15T06:55:00.000000000Z,SELL,1.3435,101328.84999999995
2025-07-15T07:35:00.000000000Z,BUY,1.34472,98639.40999999995
2025-07-15T08:50:00.000000000Z,SELL,1.34444,101328.28999999995
2025-07-15T09:10:00.000000000Z,BUY,1.345,98638.28999999995
2025-07-15T10:35:00.000000000Z,SELL,1.34504,101328.36999999994
2025-07-15T10:55:00.000000000Z,BUY,1.34561,98637.14999999994
2025-07-15T11:10:00.000000000Z,SELL,1.34525,101327.64999999994
2025-07-15T12:30:00.000000000Z,BUY,1.34626,98635.12999999995
2025-07-15T12:40:00.000000000Z,SELL,1.34379,101322.70999999993
2025-07-15T18:05:00.000000000Z,BUY,1.33874,98645.22999999992
2025-07-15T19:25:00.000000000Z,SELL,1.33868,101322.58999999991
2025-07-15T19:35:00.000000000Z,BUY,1.33883,98644.9299999999
2025-07-15T19:45:00.000000000Z,SELL,1.33884,101322.6099999999
2025-07-15T19:50:00.000000000Z,BUY,1.33885,98644.90999999989
2025-07-15T19:55:00.000000000Z,SELL,1.33864,101322.18999999989
2025-07-15T21:20:00.000000000Z,BUY,1.3385,98645.18999999989
2025-07-16T00:25:00.000000000Z,SELL,1.33898,101323.14999999988
2025-07-16T00:35:00.000000000Z,BUY,1.33954,98644.06999999989
2025-07-16T02:05:00.000000000Z,SELL,1.33897,101322.0099999999
2025-07-16T03:20:00.000000000Z,BUY,1.33928,98643.4499999999
2025-07-16T03:45:00.000000000Z,SELL,1.33845,101320.34999999989
2025-07-16T04:10:00.000000000Z,BUY,1.33888,98642.58999999988
2025-07-16T07:25:00.000000000Z,SELL,1.34,101322.58999999988
2025-07-16T09:55:00.000000000Z,BUY,1.33966,98643.26999999987
2025-07-16T11:40:00.000000000Z,SELL,1.33996,101323.18999999989
2025-07-16T12:45:00.000000000Z,BUY,1.34026,98642.6699999999
2025-07-16T13:05:00.000000000Z,SELL,1.33918,101321.02999999988
2025-07-16T14:55:00.000000000Z,BUY,1.33925,98642.52999999988
2025-07-16T16:25:00.000000000Z,SELL,1.34215,101326.82999999987
2025-07-16T17:20:00.000000000Z,BUY,1.34344,98639.94999999987
2025-07-16T18:00:00.000000000Z,SELL,1.3415,101322.94999999987
2025-07-16T19:40:00.000000000Z,BUY,1.34145,98640.04999999987
2025-07-16T21:45:00.000000000Z,SELL,1.34173,101323.50999999986
2025-07-17T01:55:00.000000000Z,BUY,1.34042,98642.66999999987
2025-07-17T02:10:00.000000000Z,SELL,1.33938,101321.42999999988
2025-07-17T03:55:00.000000000Z,BUY,1.33926,98642.90999999989
2025-07-17T06:20:00.000000000Z,SELL,1.33837,101319.64999999988
2025-07-17T07:15:00.000000000Z,BUY,1.33922,98641.20999999988
2025-07-17T08:05:00.000000000Z,SELL,1.33822,101317.64999999988
2025-07-17T08:35:00.000000000Z,BUY,1.33994,98637.76999999987
2025-07-17T09:45:00.000000000Z,SELL,1.33941,101316.58999999988
2025-07-17T11:00:00.000000000Z,BUY,1.3401,98636.38999999987
2025-07-17T11:25:00.000000000Z,SELL,1.33927,101314.92999999988
2025-07-17T12:20:00.000000000Z,BUY,1.34008,98634.76999999987
2025-07-17T13:30:00.000000000Z,SELL,1.33976,101314.28999999986
2025-07-17T13:40:00.000000000Z,BUY,1.34048,98633.32999999987
2025-07-17T14:00:00.000000000Z,SELL,1.33971,101312.74999999988
2025-07-17T14:15:00.000000000Z,BUY,1.34114,98630.46999999988
2025-07-17T16:40:00.000000000Z,SELL,1.34046,101311.3899999999
2025-07-17T18:10:00.000000000Z,BUY,1.34074,98629.90999999989
2025-07-17T20:35:00.000000000Z,SELL,1.34152,101312.9499999999
2025-07-17T21:10:00.000000000Z,BUY,1.34176,98629.4299999999
2025-07-18T00:25:00.000000000Z,SELL,1.34318,101315.78999999989
2025-07-18T00:35:00.000000000Z,BUY,1.34358,98628.62999999989
2025-07-18T01:00:00.000000000Z,SELL,1.34344,101315.5099999999
2025-07-18T01:45:00.000000000Z,BUY,1.34384,98627.8299999999
2025-07-18T02:15:00.000000000Z,SELL,1.34346,101314.74999999991
2025-07-18T02:25:00.000000000Z,BUY,1.34369,98627.36999999991
2025-07-18T03:30:00.000000000Z,SELL,1.34339,101314.1499999999
2025-07-18T06:35:00.000000000Z,BUY,1.34232,98629.5099999999
2025-07-18T09:35:00.000000000Z,SELL,1.34379,101317.08999999988
2025-07-18T10:00:00.000000000Z,BUY,1.34396,98629.16999999987
2025-07-18T12:50:00.000000000Z,SELL,1.34547,101320.10999999987
2025-07-18T13:20:00.000000000Z,BUY,1.34695,98626.20999999988
2025-07-18T13:50:00.000000000Z,SELL,1.34598,101318.16999999987
2025-07-18T14:00:00.000000000Z,BUY,1.34632,98625.52999999985
2025-07-18T14:15:00.000000000Z,SELL,1.34511,101315.74999999985
2025-07-18T18:10:00.000000000Z,BUY,1.34167,98632.40999999986
2025-07-18T18:30:00.000000000Z,SELL,1.34159,101315.58999999985
2025-07-18T20:05:00.000000000Z,BUY,1.34148,98632.62999999986
2025-07-18T20:40:00.000000000Z,SELL,1.34113,101314.88999999987
2025-07-20T21:30:00.000000000Z,BUY,1.34263,98629.62999999986
2025-07-20T22:30:00.000000000Z,SELL,1.34131,101312.24999999985
2025-07-20T23:35:00.000000000Z,BUY,1.34161,98629.02999999985
2025-07-20T23:45:00.000000000Z,SELL,1.34126,101311.54999999984
2025-07-20T23:50:00.000000000Z,BUY,1.34154,98628.46999999986
2025-07-21T00:35:00.000000000Z,SELL,1.34099,101310.44999999987
2025-07-21T01:25:00.000000000Z,BUY,1.3415,98627.44999999987
2025-07-21T02:45:00.000000000Z,SELL,1.34077,101308.98999999987
2025-07-21T03:20:00.000000000Z,BUY,1.3414,98626.18999999989
2025-07-21T09:20:00.000000000Z,SELL,1.34476,101315.70999999988
2025-07-21T09:45:00.000000000Z,BUY,1.34542,98624.86999999988
2025-07-21T10:25:00.000000000Z,SELL,1.3451,101315.06999999989
2025-07-21T10:55:00.000000000Z,BUY,1.34582,98623.42999999988
2025-07-21T13:10:00.000000000Z,SELL,1.34719,101317.80999999988
2025-07-21T14:05:00.000000000Z,BUY,1.34841,98620.98999999987
2025-07-21T16:00:00.000000000Z,SELL,1.34928,101319.54999999987
2025-07-21T18:25:00.000000000Z,BUY,1.34913,98621.28999999986
2025-07-21T18:50:00.000000000Z,SELL,1.34894,101319.16999999987
2025-07-21T19:00:00.000000000Z,BUY,1.349,98621.16999999987
2025-07-21T19:30:00.000000000Z,SELL,1.34877,101318.70999999988
2025-07-21T20:40:00.000000000Z,BUY,1.34904,98620.62999999989
2025-07-21T22:05:00.000000000Z,SELL,1.34884,101318.30999999988
2025-07-21T23:55:00.000000000Z,BUY,1.34894,98620.42999999988
2025-07-22T00:00:00.000000000Z,SELL,1.34856,101317.54999999987
2025-07-22T02:15:00.000000000Z,BUY,1.34868,98620.18999999989
2025-07-22T02:45:00.000000000Z,SELL,1.34826,101316.70999999988
2025-07-22T03:00:00.000000000Z,BUY,1.3481,98620.50999999986
2025-07-22T03:05:00.000000000Z,SELL,1.34802,101316.54999999987
2025-07-22T04:35:00.000000000Z,BUY,1.34785,98620.84999999986
2025-07-22T04:55:00.000000000Z,SELL,1.34769,101316.22999999986
2025-07-22T07:30:00.000000000Z,BUY,1.34732,98621.58999999985
2025-07-22T07:50:00.000000000Z,SELL,1.34636,101314.30999999985
2025-07-22T08:15:00.000000000Z,BUY,1.34742,98619.46999999986
2025-07-22T10:30:00.000000000Z,SELL,1.3486,101316.66999999987
2025-07-22T12:00:00.000000000Z,BUY,1.34884,98618.98999999987
2025-07-22T12:30:00.000000000Z,SELL,1.34764,101314.26999999987
2025-07-22T12:55:00.000000000Z,BUY,1.34814,98617.98999999987
2025-07-22T13:35:00.000000000Z,SELL,1.34796,101313.90999999989
2025-07-22T13:40:00.000000000Z,BUY,1.34828,98617.34999999989
2025-07-22T13:45:00.000000000Z,SELL,1.34811,101313.56999999989
2025-07-22T13:55:00.000000000Z,BUY,1.34852,98616.52999999988
2025-07-22T14:05:00.000000000Z,SELL,1.34769,101311.90999999989
2025-07-22T14:30:00.000000000Z,BUY,1.34829,98615.3299999999
2025-07-22T17:25:00.000000000Z,SELL,1.35236,101320.0499999999
2025-07-22T18:45:00.000000000Z,BUY,1.3526,98614.84999999989
2025-07-22T20:20:00.000000000Z,SELL,1.35292,101320.68999999989
2025-07-22T20:30:00.000000000Z,BUY,1.35298,98614.7299999999
2025-07-22T21:50:00.000000000Z,SELL,1.35296,101320.6499999999
2025-07-22T23:10:00.000000000Z,BUY,1.35341,98613.8299999999
2025-07-22T23:30:00.000000000Z,SELL,1.35222,101318.2699999999
2025-07-23T00:35:00.000000000Z,BUY,1.35246,98613.34999999989
2025-07-23T01:35:00.000000000Z,SELL,1.35221,101317.7699999999
2025-07-23T02:05:00.000000000Z,BUY,1.35254,98612.68999999992
2025-07-23T02:25:00.000000000Z,SELL,1.35206,101316.80999999991
2025-07-23T03:15:00.000000000Z,BUY,1.35262,98611.56999999992
2025-07-23T04:15:00.000000000Z,SELL,1.3527,101316.96999999991
2025-07-23T05:05:00.000000000Z,BUY,1.35289,98611.18999999992
2025-07-23T05:10:00.000000000Z,SELL,1.35279,101316.7699999999
2025-07-23T05:20:00.000000000Z,BUY,1.35284,98611.08999999991
2025-07-23T05:40:00.000000000Z,SELL,1.35222,101315.52999999991
2025-07-23T06:45:00.000000000Z,BUY,1.35299,98609.5499999999
2025-07-23T08:45:00.000000000Z,SELL,1.35396,101317.46999999991
2025-07-23T09:50:00.000000000Z,BUY,1.35458,98608.30999999991
2025-07-23T10:20:00.000000000Z,SELL,1.35433,101316.96999999991
2025-07-23T10:30:00.000000000Z,BUY,1.35459,98607.78999999992
2025-07-23T10:50:00.000000000Z,SELL,1.35364,101315.06999999992
2025-07-23T11:50:00.000000000Z,BUY,1.35403,98607.00999999992
2025-07-23T12:10:00.000000000Z,SELL,1.35333,101313.66999999993
2025-07-23T12:50:00.000000000Z,BUY,1.35377,98606.12999999992
2025-07-23T13:15:00.000000000Z,SELL,1.35338,101312.88999999993
2025-07-23T13:55:00.000000000Z,BUY,1.35451,98603.86999999994
2025-07-23T16:25:00.000000000Z,SELL,1.35584,101315.54999999993
2025-07-23T17:00:00.000000000Z,BUY,1.35702,98601.50999999992
2025-07-23T19:40:00.000000000Z,SELL,1.35778,101317.06999999992
2025-07-23T20:00:00.000000000Z,BUY,1.35835,98600.36999999991
2025-07-23T21:05:00.000000000Z,SELL,1.35769,101315.74999999991
2025-07-23T21:50:00.000000000Z,BUY,1.3581,98599.5499999999
2025-07-23T23:40:00.000000000Z,SELL,1.35818,101315.90999999989
2025-07-24T01:10:00.000000000Z,BUY,1.35828,98599.34999999989
2025-07-24T02:15:00.000000000Z,SELL,1.35826,101315.86999999988
2025-07-24T03:15:00.000000000Z,BUY,1.35832,98599.22999999986
2025-07-24T04:05:00.000000000Z,SELL,1.35782,101314.86999999988
2025-07-24T05:35:00.000000000Z,BUY,1.35812,98598.62999999989
2025-07-24T06:00:00.000000000Z,SELL,1.35762,101313.86999999988
2025-07-24T11:35:00.000000000Z,BUY,1.35465,98604.56999999989
2025-07-24T12:40:00.000000000Z,SELL,1.35373,101312.02999999988
2025-07-24T13:35:00.000000000Z,BUY,1.35487,98602.28999999989
2025-07-24T14:35:00.000000000Z,SELL,1.35407,101310.4299999999
2025-07-24T17:20:00.000000000Z,BUY,1.352,98606.4299999999
2025-07-24T18:20:00.000000000Z,SELL,1.35184,101310.1099999999
2025-07-24T21:15:00.000000000Z,BUY,1.35099,98608.12999999989
2025-07-24T21:40:00.000000000Z,SELL,1.35053,101309.18999999989
2025-07-24T21:55:00.000000000Z,BUY,1.35107,98607.04999999987
2025-07-24T22:10:00.000000000Z,SELL,1.35038,101307.80999999988
2025-07-24T23:05:00.000000000Z,BUY,1.35082,98606.16999999987
2025-07-25T00:20:00.000000000Z,SELL,1.3507,101307.56999999986
2025-07-25T00:35:00.000000000Z,BUY,1.35089,98605.78999999986
2025-07-25T00:55:00.000000000Z,SELL,1.35074,101307.26999999987
2025-07-25T01:00:00.000000000Z,BUY,1.35105,98605.16999999987
2025-07-25T01:05:00.000000000Z,SELL,1.35074,101306.64999999988
2025-07-25T03:45:00.000000000Z,BUY,1.34969,98607.26999999987
2025-07-25T04:35:00.000000000Z,SELL,1.34884,101304.94999999987
2025-07-25T05:30:00.000000000Z,BUY,1.34956,98605.82999999987
2025-07-25T06:20:00.000000000Z,SELL,1.34888,101303.58999999988
2025-07-25T06:40:00.000000000Z,BUY,1.34984,98603.90999999989
2025-07-25T06:55:00.000000000Z,SELL,1.34904,101301.98999999987
2025-07-25T10:10:00.000000000Z,BUY,1.3464,98609.18999999989
2025-07-25T10:45:00.000000000Z,SELL,1.34564,101300.46999999988
2025-07-25T12:15:00.000000000Z,BUY,1.34538,98609.70999999988
2025-07-25T12:30:00.000000000Z,SELL,1.34412,101297.94999999987
2025-07-25T14:05:00.000000000Z,BUY,1.34417,98609.60999999987
2025-07-25T14:55:00.000000000Z,SELL,1.34302,101295.64999999988
2025-07-25T17:25:00.000000000Z,BUY,1.34242,98610.80999999988
2025-07-25T20:10:00.000000000Z,SELL,1.34334,101297.48999999987
2025-07-27T21:30:00.000000000Z,BUY,1.34386,98609.76999999987
2025-07-27T22:25:00.000000000Z,SELL,1.3433,101296.36999999988
2025-07-27T23:20:00.000000000Z,BUY,1.34406,98608.24999999988
2025-07-28T00:45:00.000000000Z,SELL,1.34392,101296.08999999988
2025-07-28T01:00:00.000000000Z,BUY,1.3451,98605.88999999987
2025-07-28T01:35:00.000000000Z,SELL,1.34364,101293.16999999987
2025-07-28T02:50:00.000000000Z,BUY,1.34424,98604.68999999986
2025-07-28T04:35:00.000000000Z,SELL,1.34346,101291.60999999987
2025-07-28T07:10:00.000000000Z,BUY,1.3426,98606.40999999986
2025-07-28T07:50:00.000000000Z,SELL,1.34167,101289.74999999985
2025-07-28T08:30:00.000000000Z,BUY,1.34276,98604.22999999986
2025-07-28T09:40:00.000000000Z,SELL,1.34158,101287.38999999987
2025-07-28T10:45:00.000000000Z,BUY,1.34142,98604.54999999987
2025-07-28T11:20:00.000000000Z,SELL,1.34114,101286.82999999987
2025-07-28T11:50:00.000000000Z,BUY,1.34231,98602.20999999988
2025-07-28T13:30:00.000000000Z,SELL,1.34272,101287.64999999988
2025-07-28T14:45:00.000000000Z,BUY,1.3419,98603.84999999989
2025-07-28T14:50:00.000000000Z,SELL,1.34116,101286.1699999999
2025-07-28T20:00:00.000000000Z,BUY,1.3355,98615.1699999999
2025-07-28T23:25:00.000000000Z,SELL,1.33563,101286.4299999999
2025-07-29T01:30:00.000000000Z,BUY,1.33536,98615.7099999999
2025-07-29T02:10:00.000000000Z,SELL,1.33555,101286.80999999991
2025-07-29T02:15:00.000000000Z,BUY,1.3353,98616.2099999999
2025-07-29T03:20:00.000000000Z,SELL,1.33506,101286.3299999999
2025-07-29T04:55:00.000000000Z,BUY,1.33498,98616.36999999991
2025-07-29T06:30:00.000000000Z,SELL,1.33312,101282.6099999999
2025-07-29T08:05:00.000000000Z,BUY,1.33398,98614.6499999999
2025-07-29T11:00:00.000000000Z,SELL,1.33456,101283.7699999999
2025-07-29T14:00:00.000000000Z,BUY,1.33182,98620.12999999989
2025-07-29T14:05:00.000000000Z,SELL,1.33114,101282.40999999989
2025-07-29T14:10:00.000000000Z,BUY,1.33206,98618.28999999989
2025-07-29T17:05:00.000000000Z,SELL,1.33395,101286.18999999989
2025-07-29T17:15:00.000000000Z,BUY,1.33498,98616.2299999999
2025-07-29T17:45:00.000000000Z,SELL,1.33417,101284.56999999989
2025-07-29T18:35:00.000000000Z,BUY,1.33492,98614.7299999999
2025-07-29T20:25:00.000000000Z,SELL,1.33546,101285.6499999999
2025-07-29T21:45:00.000000000Z,BUY,1.3355,98614.6499999999
2025-07-29T22:10:00.000000000Z,SELL,1.33518,101285.0099999999
2025-07-29T22:15:00.000000000Z,BUY,1.33515,98614.7099999999
2025-07-29T23:40:00.000000000Z,SELL,1.33497,101284.6499999999
2025-07-30T00:05:00.000000000Z,BUY,1.3355,98613.6499999999
2025-07-30T01:35:00.000000000Z,SELL,1.33598,101285.6099999999
2025-07-30T02:20:00.000000000Z,BUY,1.3363,98613.0099999999
2025-07-30T02:30:00.000000000Z,SELL,1.33575,101284.5099999999
2025-07-30T03:00:00.000000000Z,BUY,1.33646,98611.58999999988
2025-07-30T03:40:00.000000000Z,SELL,1.33578,101283.14999999988
2025-07-30T05:50:00.000000000Z,BUY,1.33498,98613.18999999989
2025-07-30T05:55:00.000000000Z,SELL,1.33486,101282.90999999989
2025-07-30T06:25:00.000000000Z,BUY,1.33564,98611.62999999989
2025-07-30T08:00:00.000000000Z,SELL,1.33607,101283.7699999999
2025-07-30T08:25:00.000000000Z,BUY,1.33648,98610.80999999991
2025-07-30T08:30:00.000000000Z,SELL,1.33646,101283.72999999992
2025-07-30T08:35:00.000000000Z,BUY,1.33634,98611.04999999993
2025-07-30T10:30:00.000000000Z,SELL,1.33705,101285.14999999994
2025-07-30T12:00:00.000000000Z,BUY,1.3376,98609.94999999992
2025-07-30T12:25:00.000000000Z,SELL,1.33534,101280.62999999992
2025-07-30T16:55:00.000000000Z,BUY,1.32818,98624.26999999993
2025-07-30T18:45:00.000000000Z,SELL,1.32554,101275.34999999992
2025-07-30T20:10:00.000000000Z,BUY,1.3248,98625.74999999991
2025-07-30T20:45:00.000000000Z,SELL,1.32386,101273.46999999991
2025-07-30T22:10:00.000000000Z,BUY,1.3245,98624.46999999991
2025-07-31T00:15:00.000000000Z,SELL,1.32486,101274.18999999992
2025-07-31T01:30:00.000000000Z,BUY,1.3252,98623.78999999992
2025-07-31T03:15:00.000000000Z,SELL,1.32544,101274.66999999993
2025-07-31T04:00:00.000000000Z,BUY,1.32591,98622.84999999992
2025-07-31T06:00:00.000000000Z,SELL,1.32662,101276.08999999991
2025-07-31T06:20:00.000000000Z,BUY,1.32783,98620.4299999999
2025-07-31T07:20:00.000000000Z,SELL,1.32618,101272.78999999989
2025-07-31T11:10:00.000000000Z,BUY,1.3232,98626.3899999999
2025-07-31T12:25:00.000000000Z,SELL,1.32312,101272.62999999989
2025-07-31T14:25:00.000000000Z,BUY,1.32132,98629.98999999987
2025-07-31T15:55:00.000000000Z,SELL,1.32198,101273.94999999987
2025-07-31T16:20:00.000000000Z,BUY,1.32352,98626.90999999986
2025-07-31T17:00:00.000000000Z,SELL,1.32216,101271.22999999986
2025-07-31T18:30:00.000000000Z,BUY,1.3218,98627.62999999986
2025-07-31T19:55:00.000000000Z,SELL,1.32059,101268.80999999985
2025-07-31T21:20:00.000000000Z,BUY,1.32088,98627.04999999984
2025-07-31T22:00:00.000000000Z,SELL,1.3204,101267.84999999983
2025-07-31T22:45:00.000000000Z,BUY,1.32088,98626.08999999982
2025-07-31T23:15:00.000000000Z,SELL,1.32027,101266.62999999983
2025-07-31T23:45:00.000000000Z,BUY,1.32106,98624.50999999983
2025-08-01T00:10:00.000000000Z,SELL,1.32073,101265.96999999983
2025-08-01T00:30:00.000000000Z,BUY,1.32076,98624.44999999984
2025-08-01T01:35:00.000000000Z,SELL,1.32024,101264.92999999985
2025-08-01T03:10:00.000000000Z,BUY,1.32043,98624.06999999986
2025-08-01T04:15:00.000000000Z,SELL,1.31952,101263.10999999987
2025-08-01T05:25:00.000000000Z,BUY,1.31993,98623.24999999988
2025-08-01T07:10:00.000000000Z,SELL,1.31974,101262.7299999999
2025-08-01T10:15:00.000000000Z,BUY,1.31596,98630.80999999988
2025-08-01T11:50:00.000000000Z,SELL,1.3161,101263.0099999999
2025-08-01T12:30:00.000000000Z,BUY,1.32532,98612.36999999988
2025-08-01T14:00:00.000000000Z,SELL,1.32684,101266.04999999987
2025-08-01T18:25:00.000000000Z,BUY,1.32357,98618.90999999986
2025-08-01T19:15:00.000000000Z,SELL,1.32402,101266.94999999987
2025-08-01T19:20:00.000000000Z,BUY,1.32366,98619.62999999986
2025-08-03T21:50:00.000000000Z,SELL,1.328,101275.62999999986
2025-08-03T23:15:00.000000000Z,BUY,1.328,98619.62999999986
2025-08-04T00:15:00.000000000Z,SELL,1.32688,101273.38999999987
2025-08-04T01:45:00.000000000Z,BUY,1.32722,98618.94999999987
2025-08-04T04:40:00.000000000Z,SELL,1.3282,101275.34999999986
2025-08-04T06:15:00.000000000Z,BUY,1.32887,98617.60999999987
2025-08-04T07:15:00.000000000Z,SELL,1.327,101271.60999999987
2025-08-04T08:30:00.000000000Z,BUY,1.32723,98617.14999999988
2025-08-04T08:35:00.000000000Z,SELL,1.32714,101271.42999999988
2025-08-04T09:00:00.000000000Z,BUY,1.32812,98615.18999999989
2025-08-04T10:15:00.000000000Z,SELL,1.32795,101271.08999999988
2025-08-04T11:00:00.000000000Z,BUY,1.33041,98610.26999999987
2025-08-04T12:00:00.000000000Z,SELL,1.32864,101267.54999999987
2025-08-04T12:30:00.000000000Z,BUY,1.33079,98605.96999999988
2025-08-04T13:55:00.000000000Z,SELL,1.33022,101266.40999999989
2025-08-04T14:10:00.000000000Z,BUY,1.33134,98603.7299999999
2025-08-04T15:00:00.000000000Z,SELL,1.32888,101261.4899999999
2025-08-04T16:50:00.000000000Z,BUY,1.32898,98603.52999999991
2025-08-04T17:10:00.000000000Z,SELL,1.32806,101259.6499999999
2025-08-04T19:25:00.000000000Z,BUY,1.32808,98603.4899999999
2025-08-04T19:45:00.000000000Z,SELL,1.32748,101258.4499999999
2025-08-04T20:15:00.000000000Z,BUY,1.32864,98601.1699999999
2025-08-05T00:25:00.000000000Z,SELL,1.32928,101259.7299999999
2025-08-05T01:55:00.000000000Z,BUY,1.32894,98601.84999999989
2025-08-05T02:00:00.000000000Z,SELL,1.32849,101258.8299999999
2025-08-05T04:45:00.000000000Z,BUY,1.3285,98601.8299999999
2025-08-05T05:20:00.000000000Z,SELL,1.32788,101257.58999999991
2025-08-05T06:20:00.000000000Z,BUY,1.32868,98600.22999999992
2025-08-05T06:55:00.000000000Z,SELL,1.32791,101256.04999999993
2025-08-05T07:05:00.000000000Z,BUY,1.32832,98599.40999999992
2025-08-05T07:45:00.000000000Z,SELL,1.32698,101253.36999999991
2025-08-05T08:40:00.000000000Z,BUY,1.32742,98598.52999999991
2025-08-05T08:45:00.000000000Z,SELL,1.32718,101252.8899999999
2025-08-05T09:05:00.000000000Z,BUY,1.32838,98596.12999999989
2025-08-05T11:00:00.000000000Z,SELL,1.32798,101252.08999999988
2025-08-05T12:15:00.000000000Z,BUY,1.32797,98596.14999999988
2025-08-05T12:35:00.000000000Z,SELL,1.32752,101251.18999999989
2025-08-05T12:40:00.000000000Z,BUY,1.3285,98594.18999999989
2025-08-05T13:55:00.000000000Z,SELL,1.32792,101250.02999999988
2025-08-05T14:55:00.000000000Z,BUY,1.32899,98592.04999999987
2025-08-05T17:45:00.000000000Z,SELL,1.3303,101252.64999999988
2025-08-05T20:00:00.000000000Z,BUY,1.32947,98593.70999999988
2025-08-05T21:25:00.000000000Z,SELL,1.32944,101252.58999999988
2025-08-05T22:50:00.000000000Z,BUY,1.32962,98593.34999999989
2025-08-06T01:00:00.000000000Z,SELL,1.3299,101253.14999999988
2025-08-06T02:20:00.000000000Z,BUY,1.33018,98592.78999999989
2025-08-06T05:10:00.000000000Z,SELL,1.33069,101254.1699999999
2025-08-06T06:35:00.000000000Z,BUY,1.3306,98592.96999999988
2025-08-06T06:55:00.000000000Z,SELL,1.33018,101253.32999999987
2025-08-06T08:05:00.000000000Z,BUY,1.32998,98593.36999999988
2025-08-06T08:20:00.000000000Z,SELL,1.32899,101251.34999999989
2025-08-06T09:30:00.000000000Z,BUY,1.32931,98592.7299999999
2025-08-06T12:00:00.000000000Z,SELL,1.33107,101254.86999999991
2025-08-06T13:00:00.000000000Z,BUY,1.33222,98590.4299999999
2025-08-06T14:15:00.000000000Z,SELL,1.33183,101254.08999999991
2025-08-06T14:25:00.000000000Z,BUY,1.33272,98588.6499999999
2025-08-06T16:45:00.000000000Z,SELL,1.33479,101258.2299999999
2025-08-06T17:15:00.000000000Z,BUY,1.33566,98586.90999999989
2025-08-06T19:30:00.000000000Z,SELL,1.33626,101259.42999999988
2025-08-06T21:25:00.000000000Z,BUY,1.33566,98588.10999999987
2025-08-06T23:10:00.000000000Z,SELL,1.33576,101259.62999999986
2025-08-06T23:55:00.000000000Z,BUY,1.33576,98588.10999999987
2025-08-07T00:00:00.000000000Z,SELL,1.33532,101258.74999999988
2025-08-07T01:40:00.000000000Z,BUY,1.33555,98587.64999999988
2025-08-07T02:35:00.000000000Z,SELL,1.33514,101257.92999999988
2025-08-07T03:45:00.000000000Z,BUY,1.33562,98586.68999999989
2025-08-07T05:35:00.000000000Z,SELL,1.33662,101259.92999999988
2025-08-07T05:50:00.000000000Z,BUY,1.33694,98586.04999999987
2025-08-07T07:30:00.000000000Z,SELL,1.337,101260.04999999987
2025-08-07T07:35:00.000000000Z,BUY,1.33774,98584.56999999986
2025-08-07T08:15:00.000000000Z,SELL,1.33663,101257.82999999987
2025-08-07T10:10:00.000000000Z,BUY,1.33695,98583.92999999988
2025-08-07T10:30:00.000000000Z,SELL,1.33684,101257.60999999987
2025-08-07T10:50:00.000000000Z,BUY,1.33755,98582.50999999986
2025-08-07T13:35:00.000000000Z,SELL,1.34252,101267.54999999987
2025-08-07T15:30:00.000000000Z,BUY,1.34194,98583.66999999987
2025-08-07T17:15:00.000000000Z,SELL,1.34276,101269.18999999986
2025-08-07T19:30:00.000000000Z,BUY,1.3426,98583.98999999985
2025-08-07T21:15:00.000000000Z,SELL,1.34423,101272.44999999984
2025-08-07T22:15:00.000000000Z,BUY,1.34408,98584.28999999983
2025-08-07T22:25:00.000000000Z,SELL,1.34408,101272.44999999984
2025-08-07T22:30:00.000000000Z,BUY,1.34449,98583.46999999983
2025-08-08T00:15:00.000000000Z,SELL,1.34473,101272.92999999982
2025-08-08T02:20:00.000000000Z,BUY,1.34423,98584.46999999983
2025-08-08T03:10:00.000000000Z,SELL,1.34394,101272.34999999983
2025-08-08T07:00:00.000000000Z,BUY,1.34338,98585.58999999982
2025-08-08T08:35:00.000000000Z,SELL,1.34384,101273.26999999981
2025-08-08T09:40:00.000000000Z,BUY,1.34446,98584.3499999998
2025-08-08T10:30:00.000000000Z,SELL,1.34353,101271.4099999998
2025-08-08T11:10:00.000000000Z,BUY,1.34504,98581.32999999981
2025-08-08T11:40:00.000000000Z,SELL,1.34396,101269.24999999983
2025-08-08T13:20:00.000000000Z,BUY,1.3437,98581.84999999983
2025-08-08T13:55:00.000000000Z,SELL,1.3428,101267.44999999984
2025-08-08T14:00:00.000000000Z,BUY,1.34382,98579.80999999982
2025-08-08T14:55:00.000000000Z,SELL,1.34384,101267.48999999982
2025-08-08T15:05:00.000000000Z,BUY,1.34494,98577.60999999981
2025-08-08T16:05:00.000000000Z,SELL,1.34452,101266.64999999982
2025-08-08T17:00:00.000000000Z,BUY,1.34483,98576.98999999982
2025-08-08T18:35:00.000000000Z,SELL,1.3447,101266.38999999981
2025-08-08T20:15:00.000000000Z,BUY,1.34514,98576.10999999981
2025-08-10T21:20:00.000000000Z,SELL,1.34373,101263.5699999998
2025-08-10T22:20:00.000000000Z,BUY,1.3447,98574.16999999981
2025-08-10T22:35:00.000000000Z,SELL,1.34423,101262.6299999998
2025-08-10T23:15:00.000000000Z,BUY,1.34462,98573.38999999981
2025-08-11T00:05:00.000000000Z,SELL,1.34427,101261.92999999982
2025-08-11T01:15:00.000000000Z,BUY,1.34436,98573.20999999982
2025-08-11T06:45:00.000000000Z,SELL,1.34688,101266.96999999983
2025-08-11T08:25:00.000000000Z,BUY,1.34636,98574.24999999983
2025-08-11T09:25:00.000000000Z,SELL,1.34548,101265.20999999982
2025-08-11T10:40:00.000000000Z,BUY,1.34562,98573.96999999983
2025-08-11T10:45:00.000000000Z,SELL,1.34538,101264.72999999984
2025-08-11T13:15:00.000000000Z,BUY,1.34252,98579.68999999983
2025-08-11T14:00:00.000000000Z,SELL,1.34136,101262.40999999983
2025-08-11T15:40:00.000000000Z,BUY,1.34136,98579.68999999983
2025-08-11T19:25:00.000000000Z,SELL,1.34278,101265.24999999983
2025-08-11T20:20:00.000000000Z,BUY,1.34334,98578.56999999983
2025-08-11T21:35:00.000000000Z,SELL,1.34316,101264.88999999984
2025-08-11T22:55:00.000000000Z,BUY,1.34336,98578.16999999984
2025-08-12T00:15:00.000000000Z,SELL,1.34288,101263.92999999985
2025-08-12T01:40:00.000000000Z,BUY,1.34374,98576.44999999984
2025-08-12T02:10:00.000000000Z,SELL,1.34313,101262.70999999985
2025-08-12T02:20:00.000000000Z,BUY,1.34339,98575.92999999985
2025-08-12T03:45:00.000000000Z,SELL,1.34346,101262.84999999986
2025-08-12T04:50:00.000000000Z,BUY,1.34374,98575.36999999985
2025-08-12T05:30:00.000000000Z,SELL,1.34302,101261.40999999986
2025-08-12T06:10:00.000000000Z,BUY,1.34389,98573.62999999986
2025-08-12T09:30:00.000000000Z,SELL,1.34594,101265.50999999986
2025-08-12T10:30:00.000000000Z,BUY,1.34615,98573.20999999988
2025-08-12T11:00:00.000000000Z,SELL,1.34573,101264.66999999987
2025-08-12T12:05:00.000000000Z,BUY,1.34632,98572.02999999985
2025-08-12T13:30:00.000000000Z,SELL,1.34701,101266.04999999984
2025-08-12T13:45:00.000000000Z,BUY,1.34904,98567.96999999986
2025-08-12T17:20:00.000000000Z,SELL,1.35114,101270.24999999985
2025-08-12T20:05:00.000000000Z,BUY,1.34944,98571.36999999985
2025-08-12T22:35:00.000000000Z,SELL,1.3501,101271.56999999986
2025-08-12T22:55:00.000000000Z,BUY,1.35005,98571.46999999986
2025-08-13T00:15:00.000000000Z,SELL,1.34988,101271.22999999986
2025-08-13T01:00:00.000000000Z,BUY,1.35049,98570.24999999985
2025-08-13T01:35:00.000000000Z,SELL,1.34998,101270.20999999985
2025-08-13T02:40:00.000000000Z,BUY,1.35026,98569.68999999986
2025-08-13T04:10:00.000000000Z,SELL,1.35038,101270.44999999987
2025-08-13T04:50:00.000000000Z,BUY,1.35055,98569.34999999986
2025-08-13T05:30:00.000000000Z,SELL,1.35004,101269.42999999985
2025-08-13T06:00:00.000000000Z,BUY,1.35089,98567.64999999985
2025-08-13T10:35:00.000000000Z,SELL,1.35672,101281.08999999985
2025-08-13T11:35:00.000000000Z,BUY,1.35722,98566.64999999985
2025-08-13T12:35:00.000000000Z,SELL,1.35664,101279.92999999985
2025-08-13T13:40:00.000000000Z,BUY,1.35696,98566.00999999983
2025-08-13T15:00:00.000000000Z,SELL,1.35666,101279.32999999984
2025-08-13T16:05:00.000000000Z,BUY,1.35766,98564.00999999983
2025-08-13T17:10:00.000000000Z,SELL,1.35722,101278.44999999984
2025-08-13T17:20:00.000000000Z,BUY,1.3577,98563.04999999984
2025-08-13T17:25:00.000000000Z,SELL,1.35747,101277.98999999985
2025-08-13T19:25:00.000000000Z,BUY,1.35694,98564.10999999984
2025-08-13T21:15:00.000000000Z,SELL,1.35744,101278.98999999985
2025-08-13T22:15:00.000000000Z,BUY,1.35762,98563.74999999985
2025-08-14T01:55:00.000000000Z,SELL,1.35836,101280.46999999986
2025-08-14T04:20:00.000000000Z,BUY,1.35771,98565.04999999984
2025-08-14T05:25:00.000000000Z,SELL,1.357,101279.04999999984
2025-08-14T06:05:00.000000000Z,BUY,1.35801,98563.02999999985
2025-08-14T07:35:00.000000000Z,SELL,1.35782,101278.66999999987
2025-08-14T08:40:00.000000000Z,BUY,1.35752,98563.62999999986
2025-08-14T08:55:00.000000000Z,SELL,1.35722,101278.06999999986
2025-08-14T09:05:00.000000000Z,BUY,1.35811,98561.84999999986
2025-08-14T10:15:00.000000000Z,SELL,1.35839,101278.62999999986
2025-08-14T10:20:00.000000000Z,BUY,1.35867,98561.28999999986
2025-08-14T10:55:00.000000000Z,SELL,1.35808,101277.44999999987
2025-08-14T14:30:00.000000000Z,BUY,1.3554,98566.64999999988
2025-08-14T15:20:00.000000000Z,SELL,1.35448,101275.60999999987
2025-08-14T17:10:00.000000000Z,BUY,1.35322,98569.16999999987
2025-08-14T18:20:00.000000000Z,SELL,1.35304,101275.24999999985
2025-08-14T18:30:00.000000000Z,BUY,1.35324,98568.76999999984
2025-08-14T20:20:00.000000000Z,SELL,1.35354,101275.84999999983
2025-08-14T23:40:00.000000000Z,BUY,1.35312,98569.60999999984
2025-08-15T04:25:00.000000000Z,SELL,1.35461,101278.82999999984
2025-08-15T05:50:00.000000000Z,BUY,1.35496,98568.90999999983
2025-08-15T07:40:00.000000000Z,SELL,1.35525,101279.40999999983
2025-08-15T08:00:00.000000000Z,BUY,1.35541,98568.58999999982
2025-08-15T08:35:00.000000000Z,SELL,1.35512,101278.82999999981
2025-08-15T09:25:00.000000000Z,BUY,1.35569,98567.44999999981
2025-08-15T10:35:00.000000000Z,SELL,1.3553,101278.04999999981
2025-08-15T10:55:00.000000000Z,BUY,1.35592,98566.20999999982
2025-08-15T12:00:00.000000000Z,SELL,1.3557,101277.60999999981
2025-08-15T12:45:00.000000000Z,BUY,1.35632,98564.9699999998
2025-08-15T14:55:00.000000000Z,SELL,1.35596,101276.88999999981
2025-08-15T15:30:00.000000000Z,BUY,1.35687,98563.14999999982
2025-08-15T15:50:00.000000000Z,SELL,1.3563,101275.74999999983
2025-08-15T17:55:00.000000000Z,BUY,1.35555,98564.64999999982
2025-08-15T18:05:00.000000000Z,SELL,1.35541,101275.46999999983
2025-08-15T20:00:00.000000000Z,BUY,1.35553,98564.40999999983
2025-08-17T21:15:00.000000000Z,SELL,1.35555,101275.50999999983
2025-08-17T21:35:00.000000000Z,BUY,1.35665,98562.20999999985
2025-08-17T22:50:00.000000000Z,SELL,1.35595,101274.10999999984
2025-08-18T00:20:00.000000000Z,BUY,1.3561,98561.90999999983
2025-08-18T00:50:00.000000000Z,SELL,1.35534,101272.58999999982
2025-08-18T01:55:00.000000000Z,BUY,1.35588,98560.82999999981
2025-08-18T02:25:00.000000000Z,SELL,1.35512,101271.0699999998
2025-08-18T03:25:00.000000000Z,BUY,1.35554,98559.98999999982
2025-08-18T06:05:00.000000000Z,SELL,1.35604,101272.0699999998
2025-08-18T07:30:00.000000000Z,BUY,1.35498,98562.10999999981
2025-08-18T07:55:00.000000000Z,SELL,1.3539,101269.9099999998
2025-08-18T08:35:00.000000000Z,BUY,1.35534,98559.2299999998
2025-08-18T09:40:00.000000000Z,SELL,1.3543,101267.82999999981
2025-08-18T11:10:00.000000000Z,BUY,1.35447,98558.88999999981
2025-08-18T11:45:00.000000000Z,SELL,1.35418,101267.2499999998
2025-08-18T13:00:00.000000000Z,BUY,1.35419,98558.86999999979
2025-08-18T13:45:00.000000000Z,SELL,1.35372,101266.3099999998
2025-08-18T16:15:00.000000000Z,BUY,1.35213,98562.04999999978
2025-08-18T16:40:00.000000000Z,SELL,1.35134,101264.72999999978
2025-08-18T19:15:00.000000000Z,BUY,1.35106,98562.60999999978
2025-08-18T20:05:00.000000000Z,SELL,1.35068,101263.96999999977
2025-08-18T21:05:00.000000000Z,BUY,1.35126,98561.44999999978
2025-08-18T22:40:00.000000000Z,SELL,1.35074,101262.92999999979
2025-08-18T22:45:00.000000000Z,BUY,1.3508,98561.32999999978
2025-08-18T22:50:00.000000000Z,SELL,1.35078,101262.88999999978
2025-08-19T00:00:00.000000000Z,BUY,1.35056,98561.76999999979
2025-08-19T00:35:00.000000000Z,SELL,1.35038,101262.5299999998
2025-08-19T02:20:00.000000000Z,BUY,1.35002,98562.48999999979
2025-08-19T05:50:00.000000000Z,SELL,1.35006,101262.60999999978
2025-08-19T06:40:00.000000000Z,BUY,1.35086,98560.88999999978
2025-08-19T08:50:00.000000000Z,SELL,1.35213,101265.14999999979
2025-08-19T09:00:00.000000000Z,BUY,1.35225,98560.64999999979
2025-08-19T09:20:00.000000000Z,SELL,1.35154,101263.72999999978
2025-08-19T10:10:00.000000000Z,BUY,1.35229,98559.14999999979
2025-08-19T11:25:00.000000000Z,SELL,1.35182,101262.7899999998
2025-08-19T12:10:00.000000000Z,BUY,1.35236,98558.0699999998
2025-08-19T12:30:00.000000000Z,SELL,1.3505,101259.0699999998
2025-08-19T13:55:00.000000000Z,BUY,1.3511,98556.86999999979
2025-08-19T14:40:00.000000000Z,SELL,1.35038,101257.6299999998
2025-08-19T17:30:00.000000000Z,BUY,1.3492,98559.2299999998
2025-08-19T18:05:00.000000000Z,SELL,1.34844,101256.10999999981
2025-08-19T19:25:00.000000000Z,BUY,1.34878,98558.54999999981
2025-08-19T21:20:00.000000000Z,SELL,1.34906,101256.66999999981
2025-08-19T22:05:00.000000000Z,BUY,1.34928,98558.10999999981
2025-08-19T23:00:00.000000000Z,SELL,1.34888,101255.86999999982
2025-08-20T03:10:00.000000000Z,BUY,1.347,98561.86999999982
2025-08-20T05:00:00.000000000Z,SELL,1.34736,101256.58999999982
2025-08-20T05:25:00.000000000Z,BUY,1.348,98560.58999999982
2025-08-20T07:05:00.000000000Z,SELL,1.34943,101259.44999999981
2025-08-20T07:20:00.000000000Z,BUY,1.35042,98558.60999999981
2025-08-20T07:50:00.000000000Z,SELL,1.34938,101257.36999999982
2025-08-20T08:00:00.000000000Z,BUY,1.35059,98556.18999999983
2025-08-20T08:35:00.000000000Z,SELL,1.34957,101255.32999999984
2025-08-20T09:05:00.000000000Z,BUY,1.35026,98554.80999999985
2025-08-20T10:15:00.000000000Z,SELL,1.3498,101254.40999999986
2025-08-20T12:35:00.000000000Z,BUY,1.34922,98555.96999999986
2025-08-20T13:20:00.000000000Z,SELL,1.34805,101252.06999999986
2025-08-20T16:55:00.000000000Z,BUY,1.34607,98559.92999999985
2025-08-20T18:15:00.000000000Z,SELL,1.34562,101251.16999999984
2025-08-20T19:40:00.000000000Z,BUY,1.34546,98560.24999999983
2025-08-20T20:05:00.000000000Z,SELL,1.34502,101250.28999999983
2025-08-20T20:40:00.000000000Z,BUY,1.34553,98559.22999999984
2025-08-20T22:00:00.000000000Z,SELL,1.34574,101250.70999999985
2025-08-20T23:30:00.000000000Z,BUY,1.34629,98558.12999999986
2025-08-21T00:30:00.000000000Z,SELL,1.34576,101249.64999999985
2025-08-21T01:35:00.000000000Z,BUY,1.34623,98557.18999999986
2025-08-21T02:20:00.000000000Z,SELL,1.34528,101247.74999999985
2025-08-21T04:05:00.000000000Z,BUY,1.34528,98557.18999999986
2025-08-21T05:10:00.000000000Z,SELL,1.34489,101246.96999999986
2025-08-21T05:50:00.000000000Z,BUY,1.3453,98556.36999999985
2025-08-21T06:05:00.000000000Z,SELL,1.34514,101246.64999999985
2025-08-21T06:10:00.000000000Z,BUY,1.34539,98555.86999999985
2025-08-21T06:25:00.000000000Z,SELL,1.34473,101245.32999999984
2025-08-21T07:30:00.000000000Z,BUY,1.34516,98555.00999999983
2025-08-21T10:15:00.000000000Z,SELL,1.34694,101248.88999999984
2025-08-21T17:00:00.000000000Z,BUY,1.34206,98564.76999999984
2025-08-21T18:15:00.000000000Z,SELL,1.3423,101249.36999999985
2025-08-21T22:10:00.000000000Z,BUY,1.3415,98566.36999999985
2025-08-21T23:20:00.000000000Z,SELL,1.34166,101249.68999999986
2025-08-21T23:35:00.000000000Z,BUY,1.34186,98565.96999999986
2025-08-22T01:20:00.000000000Z,SELL,1.34174,101249.44999999987
2025-08-22T06:00:00.000000000Z,BUY,1.33924,98570.96999999986
2025-08-22T10:00:00.000000000Z,SELL,1.34116,101253.28999999986
2025-08-22T11:05:00.000000000Z,BUY,1.34176,98569.76999999987
2025-08-22T11:40:00.000000000Z,SELL,1.3413,101252.36999999988
2025-08-22T11:50:00.000000000Z,BUY,1.34147,98569.42999999988
2025-08-22T12:55:00.000000000Z,SELL,1.34133,101252.08999999988
2025-08-22T13:05:00.000000000Z,BUY,1.34238,98567.32999999987
2025-08-22T16:30:00.000000000Z,SELL,1.3531,101273.52999999988
2025-08-22T17:15:00.000000000Z,BUY,1.35366,98566.20999999988
2025-08-22T18:20:00.000000000Z,SELL,1.35304,101272.28999999986
2025-08-22T20:30:00.000000000Z,BUY,1.35226,98567.76999999987
2025-08-24T21:45:00.000000000Z,SELL,1.35174,101271.24999999988
2025-08-25T02:35:00.000000000Z,BUY,1.3498,98571.64999999988
2025-08-25T05:10:00.000000000Z,SELL,1.35083,101273.30999999988
2025-08-25T06:05:00.000000000Z,BUY,1.35182,98569.66999999987
2025-08-25T07:10:00.000000000Z,SELL,1.35112,101271.90999999986
2025-08-25T11:10:00.000000000Z,BUY,1.3501,98571.70999999985
2025-08-25T12:30:00.000000000Z,SELL,1.35049,101272.68999999986
2025-08-25T13:45:00.000000000Z,BUY,1.35131,98570.06999999986
2025-08-25T14:40:00.000000000Z,SELL,1.35055,101271.16999999987
2025-08-25T20:10:00.000000000Z,BUY,1.3457,98579.76999999987
2025-08-25T21:05:00.000000000Z,SELL,1.34541,101270.58999999988
2025-08-25T21:10:00.000000000Z,BUY,1.34617,98578.24999999988
2025-08-25T21:35:00.000000000Z,SELL,1.34566,101269.56999999989
2025-08-25T21:40:00.000000000Z,BUY,1.34584,98577.8899999999
2025-08-25T22:10:00.000000000Z,SELL,1.34562,101269.12999999989
2025-08-26T00:00:00.000000000Z,BUY,1.34631,98576.5099999999
2025-08-26T01:20:00.000000000Z,SELL,1.34719,101270.8899999999
2025-08-26T02:25:00.000000000Z,BUY,1.34753,98575.8299999999
2025-08-26T02:30:00.000000000Z,SELL,1.3469,101269.62999999989
2025-08-26T04:35:00.000000000Z,BUY,1.34572,98578.18999999989
2025-08-26T06:15:00.000000000Z,SELL,1.34528,101268.74999999988
2025-08-26T06:50:00.000000000Z,BUY,1.34594,98576.86999999988
2025-08-26T07:00:00.000000000Z,SELL,1.34574,101268.34999999989
2025-08-26T07:45:00.000000000Z,BUY,1.34536,98577.62999999989
2025-08-26T10:50:00.000000000Z,SELL,1.34778,101273.18999999989
2025-08-26T10:55:00.000000000Z,BUY,1.34791,98577.36999999988
2025-08-26T12:35:00.000000000Z,SELL,1.34839,101274.14999999988
2025-08-26T14:00:00.000000000Z,BUY,1.34844,98577.26999999987
2025-08-26T15:40:00.000000000Z,SELL,1.34808,101273.42999999988
2025-08-26T16:10:00.000000000Z,BUY,1.3485,98576.42999999988
2025-08-26T16:45:00.000000000Z,SELL,1.34796,101272.34999999989
2025-08-26T18:50:00.000000000Z,BUY,1.34797,98576.40999999989
2025-08-26T20:00:00.000000000Z,SELL,1.34738,101271.1699999999
2025-08-26T21:05:00.000000000Z,BUY,1.34811,98574.9499999999
2025-08-26T23:00:00.000000000Z,SELL,1.34782,101270.58999999991
2025-08-27T05:35:00.000000000Z,BUY,1.34526,98580.06999999992
2025-08-27T07:25:00.000000000Z,SELL,1.34489,101269.84999999992
2025-08-27T09:05:00.000000000Z,BUY,1.34423,98581.38999999993
2025-08-27T10:00:00.000000000Z,SELL,1.34374,101268.86999999994
2025-08-27T12:05:00.000000000Z,BUY,1.34394,98580.98999999993
2025-08-27T13:40:00.000000000Z,SELL,1.34378,101268.54999999993
2025-08-27T13:55:00.000000000Z,BUY,1.34472,98579.10999999993
2025-08-27T18:15:00.000000000Z,SELL,1.34948,101278.06999999992
2025-08-27T18:40:00.000000000Z,BUY,1.34996,98578.1499999999
2025-08-27T18:50:00.000000000Z,SELL,1.34956,101277.2699999999
2025-08-27T18:55:00.000000000Z,BUY,1.34976,98577.74999999991
2025-08-27T19:05:00.000000000Z,SELL,1.34968,101277.1099999999
2025-08-27T19:45:00.000000000Z,BUY,1.34966,98577.78999999989
2025-08-27T20:20:00.000000000Z,SELL,1.3495,101276.78999999989
2025-08-27T20:40:00.000000000Z,BUY,1.3498,98577.18999999989
2025-08-27T21:10:00.000000000Z,SELL,1.34952,101276.2299999999
2025-08-27T21:40:00.000000000Z,BUY,1.34972,98576.78999999989
2025-08-28T00:20:00.000000000Z,SELL,1.34995,101276.68999999989
2025-08-28T00:50:00.000000000Z,BUY,1.35044,98575.80999999988
2025-08-28T01:50:00.000000000Z,SELL,1.35025,101276.30999999988
2025-08-28T02:05:00.000000000Z,BUY,1.35113,98574.04999999987
2025-08-28T03:40:00.000000000Z,SELL,1.35093,101275.90999999986
2025-08-28T06:05:00.000000000Z,BUY,1.35084,98574.22999999986
2025-08-28T06:50:00.000000000Z,SELL,1.35033,101274.88999999987
2025-08-28T08:45:00.000000000Z,BUY,1.34976,98575.36999999988
2025-08-28T11:40:00.000000000Z,SELL,1.35144,101278.24999999988
2025-08-28T14:05:00.000000000Z,BUY,1.35164,98574.96999999988
2025-08-28T15:05:00.000000000Z,SELL,1.35092,101276.80999999988
2025-08-28T16:05:00.000000000Z,BUY,1.35196,98572.88999999987
2025-08-28T17:45:00.000000000Z,SELL,1.35212,101277.12999999986
2025-08-28T21:05:00.000000000Z,BUY,1.35118,98574.76999999987
2025-08-28T22:00:00.000000000Z,SELL,1.35086,101276.48999999987
2025-08-28T23:35:00.000000000Z,BUY,1.35088,98574.72999999986
2025-08-28T23:40:00.000000000Z,SELL,1.35101,101276.74999999985
2025-08-28T23:45:00.000000000Z,BUY,1.35092,98574.90999999986
2025-08-29T00:15:00.000000000Z,SELL,1.3508,101276.50999999986
2025-08-29T02:30:00.000000000Z,BUY,1.35022,98576.06999999986
2025-08-29T03:10:00.000000000Z,SELL,1.34972,101275.50999999986
2025-08-29T04:40:00.000000000Z,BUY,1.35004,98575.42999999988
2025-08-29T05:20:00.000000000Z,SELL,1.3496,101274.62999999989
2025-08-29T06:10:00.000000000Z,BUY,1.34972,98575.18999999989
2025-08-29T06:40:00.000000000Z,SELL,1.3493,101273.78999999989
2025-08-29T12:35:00.000000000Z,BUY,1.3457,98582.3899999999
2025-08-29T16:30:00.000000000Z,SELL,1.35031,101283.0099999999
2025-08-29T17:40:00.000000000Z,BUY,1.35072,98581.56999999989
2025-08-29T17:55:00.000000000Z,SELL,1.35032,101282.2099999999
2025-08-29T18:45:00.000000000Z,BUY,1.35068,98580.84999999992
2025-08-29T20:35:00.000000000Z,SELL,1.35062,101282.08999999991
2025-08-31T22:10:00.000000000Z,BUY,1.35063,98580.8299999999
2025-08-31T22:40:00.000000000Z,SELL,1.35042,101281.6699999999
2025-09-01T00:05:00.000000000Z,BUY,1.35074,98580.18999999989
2025-09-01T01:25:00.000000000Z,SELL,1.35094,101282.06999999989
2025-09-01T02:05:00.000000000Z,BUY,1.35199,98578.08999999988
2025-09-01T03:50:00.000000000Z,SELL,1.352,101282.08999999988
2025-09-01T05:15:00.000000000Z,BUY,1.35232,98577.44999999987
2025-09-01T07:10:00.000000000Z,SELL,1.35231,101282.06999999986
2025-09-01T08:15:00.000000000Z,BUY,1.35293,98576.20999999988
2025-09-01T09:20:00.000000000Z,SELL,1.35294,101282.08999999988
2025-09-01T09:40:00.000000000Z,BUY,1.35326,98575.56999999989
2025-09-01T10:05:00.000000000Z,SELL,1.3529,101281.36999999988
2025-09-01T10:35:00.000000000Z,BUY,1.3528,98575.76999999987
2025-09-01T10:40:00.000000000Z,SELL,1.35258,101280.92999999988
2025-09-01T11:20:00.000000000Z,BUY,1.35324,98574.44999999987
2025-09-01T11:50:00.000000000Z,SELL,1.35258,101279.60999999987
2025-09-01T12:40:00.000000000Z,BUY,1.35284,98573.92999999988
2025-09-01T16:00:00.000000000Z,SELL,1.35414,101282.20999999988
2025-09-01T16:30:00.000000000Z,BUY,1.35452,98573.16999999987
2025-09-01T16:55:00.000000000Z,SELL,1.35422,101281.60999999987
2025-09-01T18:10:00.000000000Z,BUY,1.3542,98573.20999999988
2025-09-01T20:55:00.000000000Z,SELL,1.35449,101282.18999999989
2025-09-01T22:10:00.000000000Z,BUY,1.35482,98572.54999999987
2025-09-01T23:10:00.000000000Z,SELL,1.35444,101281.42999999988
2025-09-01T23:35:00.000000000Z,BUY,1.35471,98572.00999999986
2025-09-02T00:05:00.000000000Z,SELL,1.354,101280.00999999986
2025-09-02T03:35:00.000000000Z,BUY,1.35262,98574.76999999987
2025-09-02T03:40:00.000000000Z,SELL,1.35257,101279.90999999989
2025-09-02T04:35:00.000000000Z,BUY,1.35266,98574.58999999988
2025-09-02T05:25:00.000000000Z,SELL,1.35212,101278.82999999987
2025-09-02T06:30:00.000000000Z,BUY,1.35298,98572.86999999988
2025-09-02T07:05:00.000000000Z,SELL,1.3504,101273.66999999987
2025-09-02T08:55:00.000000000Z,BUY,1.34134,98590.98999999987
2025-09-02T09:05:00.000000000Z,SELL,1.33992,101270.82999999987
2025-09-02T12:00:00.000000000Z,BUY,1.3394,98592.02999999988
2025-09-02T12:20:00.000000000Z,SELL,1.33588,101263.78999999989
2025-09-02T13:20:00.000000000Z,BUY,1.33706,98589.6699999999
2025-09-02T15:10:00.000000000Z,SELL,1.33846,101266.58999999991
2025-09-02T16:40:00.000000000Z,BUY,1.33864,98589.30999999991
2025-09-02T18:00:00.000000000Z,SELL,1.33853,101266.36999999991
2025-09-02T19:15:00.000000000Z,BUY,1.33855,98589.2699999999
2025-09-02T21:15:00.000000000Z,SELL,1.33914,101267.5499999999
2025-09-02T22:00:00.000000000Z,BUY,1.33956,98588.4299999999
2025-09-02T22:50:00.000000000Z,SELL,1.33884,101266.1099999999
2025-09-03T02:20:00.000000000Z,BUY,1.33733,98591.4499999999
2025-09-03T02:35:00.000000000Z,SELL,1.33648,101264.40999999989
2025-09-03T04:25:00.000000000Z,BUY,1.33655,98591.30999999988
2025-09-03T05:45:00.000000000Z,SELL,1.33617,101263.64999999988
2025-09-03T06:20:00.000000000Z,BUY,1.33763,98588.38999999987
2025-09-03T07:10:00.000000000Z,SELL,1.33638,101261.14999999988
2025-09-03T08:05:00.000000000Z,BUY,1.33818,98584.78999999989
2025-09-03T10:30:00.000000000Z,SELL,1.3409,101266.58999999988
2025-09-03T11:50:00.000000000Z,BUY,1.34108,98584.42999999988
2025-09-03T13:55:00.000000000Z,SELL,1.34174,101267.90999999989
2025-09-03T14:00:00.000000000Z,BUY,1.34418,98579.5499999999
2025-09-03T16:50:00.000000000Z,SELL,1.34488,101269.30999999991
2025-09-03T17:05:00.000000000Z,BUY,1.34526,98578.78999999992
2025-09-03T17:50:00.000000000Z,SELL,1.34435,101267.48999999993
2025-09-03T20:10:00.000000000Z,BUY,1.34428,98578.92999999993
2025-09-03T21:35:00.000000000Z,SELL,1.34422,101267.36999999994
2025-09-03T23:20:00.000000000Z,BUY,1.3442,98578.96999999994
2025-09-03T23:40:00.000000000Z,SELL,1.34402,101267.00999999995
2025-09-04T00:30:00.000000000Z,BUY,1.34392,98579.16999999995
2025-09-04T00:40:00.000000000Z,SELL,1.344,101267.16999999995
2025-09-04T00:55:00.000000000Z,BUY,1.34422,98578.72999999995
2025-09-04T01:10:00.000000000Z,SELL,1.34371,101266.14999999997
2025-09-04T01:40:00.000000000Z,BUY,1.3441,98577.94999999995
2025-09-04T01:55:00.000000000Z,SELL,1.34376,101265.46999999994
2025-09-04T04:55:00.000000000Z,BUY,1.34272,98580.02999999994
2025-09-04T05:00:00.000000000Z,SELL,1.3425,101265.02999999994
2025-09-04T05:35:00.000000000Z,BUY,1.3428,98579.42999999993
2025-09-04T07:20:00.000000000Z,SELL,1.34166,101262.74999999994
2025-09-04T08:10:00.000000000Z,BUY,1.34391,98574.92999999993
2025-09-04T09:30:00.000000000Z,SELL,1.34392,101262.76999999993
2025-09-04T10:20:00.000000000Z,BUY,1.34476,98573.24999999994
2025-09-04T11:10:00.000000000Z,SELL,1.34388,101261.00999999995
2025-09-04T12:20:00.000000000Z,BUY,1.34343,98574.14999999997
2025-09-04T12:30:00.000000000Z,SELL,1.34282,101259.78999999998
2025-09-04T13:00:00.000000000Z,BUY,1.34376,98572.26999999999
2025-09-04T13:10:00.000000000Z,SELL,1.34272,101257.70999999999
2025-09-04T13:15:00.000000000Z,BUY,1.34359,98570.53
2025-09-04T13:20:00.000000000Z,SELL,1.34408,101258.69
2025-09-04T13:25:00.000000000Z,BUY,1.34413,98570.43
2025-09-04T14:10:00.000000000Z,SELL,1.34332,101257.07
2025-09-04T15:20:00.000000000Z,BUY,1.34312,98570.83000000002
2025-09-04T16:20:00.000000000Z,SELL,1.34209,101255.01000000001
2025-09-04T17:35:00.000000000Z,BUY,1.34228,98570.45000000001
2025-09-04T17:45:00.000000000Z,SELL,1.34214,101254.73000000001
2025-09-04T18:10:00.000000000Z,BUY,1.34309,98568.55000000002
2025-09-04T21:05:00.000000000Z,SELL,1.34324,101255.03000000003
2025-09-04T22:15:00.000000000Z,BUY,1.3434,98568.23000000004
2025-09-04T22:55:00.000000000Z,SELL,1.34336,101254.95000000004
2025-09-04T23:00:00.000000000Z,BUY,1.34339,98568.17000000004
2025-09-05T03:15:00.000000000Z,SELL,1.34526,101258.69000000003
2025-09-05T04:05:00.000000000Z,BUY,1.34544,98567.81000000003
2025-09-05T04:10:00.000000000Z,SELL,1.34535,101258.51000000004
2025-09-05T05:40:00.000000000Z,BUY,1.3454,98567.71000000005
2025-09-05T07:05:00.000000000Z,SELL,1.34552,101258.75000000006
2025-09-05T08:00:00.000000000Z,BUY,1.34642,98565.91000000006
2025-09-05T11:10:00.000000000Z,SELL,1.34823,101262.37000000005
2025-09-05T12:20:00.000000000Z,BUY,1.34784,98566.69000000006
2025-09-05T14:30:00.000000000Z,SELL,1.35214,101270.97000000006
2025-09-05T15:25:00.000000000Z,BUY,1.35311,98564.75000000006
2025-09-05T16:40:00.000000000Z,SELL,1.35322,101271.19000000006
2025-09-05T19:25:00.000000000Z,BUY,1.35086,98569.47000000006
2025-09-05T19:35:00.000000000Z,SELL,1.35056,101270.59000000005
2025-09-05T20:45:00.000000000Z,BUY,1.3507,98569.19000000006
2025-09-07T21:10:00.000000000Z,SELL,1.35038,101269.95000000007
2025-09-07T23:35:00.000000000Z,BUY,1.34912,98571.71000000008
2025-09-08T00:15:00.000000000Z,SELL,1.34858,101268.87000000008
2025-09-08T00:40:00.000000000Z,BUY,1.349,98570.87000000008
2025-09-08T03:40:00.000000000Z,SELL,1.34985,101270.5700000001
2025-09-08T05:00:00.000000000Z,BUY,1.34976,98571.0500000001
2025-09-08T08:30:00.000000000Z,SELL,1.35114,101273.3300000001
2025-09-08T10:30:00.000000000Z,BUY,1.35164,98570.0500000001
2025-09-08T14:05:00.000000000Z,SELL,1.3543,101278.65000000011
2025-09-08T15:15:00.000000000Z,BUY,1.3544,98569.85000000012
2025-09-08T16:30:00.000000000Z,SELL,1.35358,101277.01000000013
2025-09-08T18:15:00.000000000Z,BUY,1.35436,98568.29000000012
2025-09-08T20:15:00.000000000Z,SELL,1.35493,101278.15000000011
2025-09-08T22:05:00.000000000Z,BUY,1.35476,98568.63000000012
2025-09-09T00:10:00.000000000Z,SELL,1.3553,101279.23000000013
2025-09-09T00:20:00.000000000Z,BUY,1.35574,98567.75000000012
2025-09-09T01:25:00.000000000Z,SELL,1.35539,101278.53000000012
2025-09-09T01:45:00.000000000Z,BUY,1.35616,98566.21000000011
2025-09-09T03:05:00.000000000Z,SELL,1.35629,101278.7900000001
2025-09-09T04:20:00.000000000Z,BUY,1.35654,98565.71000000011
2025-09-09T06:20:00.000000000Z,SELL,1.35748,101280.6700000001
2025-09-09T07:25:00.000000000Z,BUY,1.35737,98565.93000000011
2025-09-09T07:45:00.000000000Z,SELL,1.3561,101278.13000000012
2025-09-09T08:40:00.000000000Z,BUY,1.35724,98563.65000000011
2025-09-09T10:30:00.000000000Z,SELL,1.35808,101279.81000000011
2025-09-09T13:15:00.000000000Z,BUY,1.35606,98567.69000000012
2025-09-09T14:00:00.000000000Z,SELL,1.35438,101276.45000000013
2025-09-09T16:25:00.000000000Z,BUY,1.35373,98568.99000000014
2025-09-09T17:25:00.000000000Z,SELL,1.35336,101275.71000000014
2025-09-09T20:35:00.000000000Z,BUY,1.35204,98571.63000000015
2025-09-09T23:20:00.000000000Z,SELL,1.35201,101275.65000000014
2025-09-10T00:45:00.000000000Z,BUY,1.35222,98571.21000000014
2025-09-10T01:10:00.000000000Z,SELL,1.35204,101275.29000000012
2025-09-10T01:50:00.000000000Z,BUY,1.35266,98569.97000000012
2025-09-10T04:15:00.000000000Z,SELL,1.35348,101276.93000000011
2025-09-10T04:20:00.000000000Z,BUY,1.3535,98569.93000000011
2025-09-10T05:50:00.000000000Z,SELL,1.35333,101276.59000000011
2025-09-10T06:15:00.000000000Z,BUY,1.35431,98567.97000000012
2025-09-10T06:30:00.000000000Z,SELL,1.35321,101274.39000000013
2025-09-10T07:40:00.000000000Z,BUY,1.35345,98567.49000000014
2025-09-10T08:05:00.000000000Z,SELL,1.35312,101273.73000000013
2025-09-10T09:10:00.000000000Z,BUY,1.35336,98567.01000000013
2025-09-10T10:25:00.000000000Z,SELL,1.35324,101273.49000000014
2025-09-10T12:35:00.000000000Z,BUY,1.35399,98565.51000000013
2025-09-10T13:00:00.000000000Z,SELL,1.35304,101271.59000000011
2025-09-10T13:15:00.000000000Z,BUY,1.35435,98562.8900000001
2025-09-10T15:00:00.000000000Z,SELL,1.35528,101273.4500000001
2025-09-10T18:15:00.000000000Z,BUY,1.35387,98565.71000000011
2025-09-10T19:05:00.000000000Z,SELL,1.35348,101272.6700000001
2025-09-10T20:10:00.000000000Z,BUY,1.3532,98566.2700000001
2025-09-10T20:30:00.000000000Z,SELL,1.35278,101271.8300000001
2025-09-10T20:55:00.000000000Z,BUY,1.35305,98565.7300000001
2025-09-10T23:55:00.000000000Z,SELL,1.35332,101272.37000000011
2025-09-11T01:30:00.000000000Z,BUY,1.35318,98566.01000000013
2025-09-11T02:05:00.000000000Z,SELL,1.35287,101271.75000000012
2025-09-11T03:20:00.000000000Z,BUY,1.35273,98566.29000000012
2025-09-11T04:00:00.000000000Z,SELL,1.35273,101271.75000000012
2025-09-11T08:00:00.000000000Z,BUY,1.35166,98568.43000000011
2025-09-11T09:05:00.000000000Z,SELL,1.35078,101269.9900000001
2025-09-11T10:30:00.000000000Z,BUY,1.35066,98568.6700000001
2025-09-11T12:10:00.000000000Z,SELL,1.35136,101271.3900000001
2025-09-11T12:25:00.000000000Z,BUY,1.35217,98567.0500000001
2025-09-11T17:40:00.000000000Z,SELL,1.35726,101281.5700000001
2025-09-11T18:40:00.000000000Z,BUY,1.35758,98566.41000000009
2025-09-11T20:15:00.000000000Z,SELL,1.35781,101282.03000000009
2025-09-11T21:50:00.000000000Z,BUY,1.35765,98566.7300000001
2025-09-11T23:35:00.000000000Z,SELL,1.35779,101282.31000000008
2025-09-12T05:00:00.000000000Z,BUY,1.35561,98571.09000000008
2025-09-12T05:20:00.000000000Z,SELL,1.35547,101282.03000000009
2025-09-12T05:30:00.000000000Z,BUY,1.35578,98570.47000000009
2025-09-12T06:10:00.000000000Z,SELL,1.35548,101281.43000000008
2025-09-12T07:00:00.000000000Z,BUY,1.3569,98567.63000000009
2025-09-12T08:05:00.000000000Z,SELL,1.3552,101278.03000000009
2025-09-12T09:55:00.000000000Z,BUY,1.35466,98568.71000000008
2025-09-12T11:40:00.000000000Z,SELL,1.35524,101279.19000000009
2025-09-12T13:10:00.000000000Z,BUY,1.35438,98570.43000000008
2025-09-12T15:20:00.000000000Z,SELL,1.35508,101280.59000000008
2025-09-12T16:35:00.000000000Z,BUY,1.35598,98568.63000000009
2025-09-12T18:00:00.000000000Z,SELL,1.35622,101281.0700000001
2025-09-12T18:40:00.000000000Z,BUY,1.35659,98567.8900000001
2025-09-12T19:35:00.000000000Z,SELL,1.35616,101280.21000000011
2025-09-14T21:45:00.000000000Z,BUY,1.35618,98567.85000000012
2025-09-14T22:40:00.000000000Z,SELL,1.3558,101279.45000000013
2025-09-15T00:55:00.000000000Z,BUY,1.3556,98568.25000000012
2025-09-15T05:15:00.000000000Z,SELL,1.35638,101281.01000000013
2025-09-15T07:00:00.000000000Z,BUY,1.35681,98567.39000000013
2025-09-15T08:50:00.000000000Z,SELL,1.35839,101284.17000000013
2025-09-15T09:25:00.000000000Z,BUY,1.35948,98565.21000000014
2025-09-15T12:40:00.000000000Z,SELL,1.36146,101288.13000000015
2025-09-15T12:50:00.000000000Z,BUY,1.36144,98565.25000000015
2025-09-15T13:05:00.000000000Z,SELL,1.36076,101286.77000000014
2025-09-15T15:20:00.000000000Z,BUY,1.35966,98567.45000000013
2025-09-15T16:30:00.000000000Z,SELL,1.35996,101287.37000000014
2025-09-15T17:35:00.000000000Z,BUY,1.36047,98566.43000000014
2025-09-15T18:45:00.000000000Z,SELL,1.36013,101286.69000000015
2025-09-15T19:20:00.000000000Z,BUY,1.36082,98565.05000000013
2025-09-15T20:35:00.000000000Z,SELL,1.36043,101285.91000000012
2025-09-15T21:45:00.000000000Z,BUY,1.3603,98565.31000000011
2025-09-15T23:50:00.000000000Z,SELL,1.36034,101285.9900000001
2025-09-16T01:45:00.000000000Z,BUY,1.3605,98564.9900000001
2025-09-16T04:15:00.000000000Z,SELL,1.36158,101288.15000000011
2025-09-16T05:10:00.000000000Z,BUY,1.36197,98564.21000000011
2025-09-16T07:55:00.000000000Z,SELL,1.36284,101289.8900000001
2025-09-16T09:10:00.000000000Z,BUY,1.36393,98562.03000000012
2025-09-16T10:20:00.000000000Z,SELL,1.36372,101289.47000000012
2025-09-16T11:40:00.000000000Z,BUY,1.36398,98561.51000000013
2025-09-16T12:40:00.000000000Z,SELL,1.36336,101288.23000000013
2025-09-16T12:55:00.000000000Z,BUY,1.36409,98560.05000000013
2025-09-16T14:55:00.000000000Z,SELL,1.36566,101291.37000000014
2025-09-16T16:05:00.000000000Z,BUY,1.36522,98560.93000000014
2025-09-16T17:50:00.000000000Z,SELL,1.36586,101292.65000000014
2025-09-16T18:15:00.000000000Z,BUY,1.36616,98560.33000000013
2025-09-16T18:40:00.000000000Z,SELL,1.36586,101292.05000000013
2025-09-16T19:15:00.000000000Z,BUY,1.36612,98559.81000000014
2025-09-16T19:25:00.000000000Z,SELL,1.36563,101291.07000000015
2025-09-16T21:20:00.000000000Z,BUY,1.3648,98561.47000000015
2025-09-16T21:25:00.000000000Z,SELL,1.36458,101290.63000000015
2025-09-16T22:00:00.000000000Z,BUY,1.3648,98561.03000000014
2025-09-17T00:40:00.000000000Z,SELL,1.36463,101290.29000000015
2025-09-17T03:00:00.000000000Z,BUY,1.3642,98561.89000000016
2025-09-17T04:00:00.000000000Z,SELL,1.3642,101290.29000000015
2025-09-17T04:35:00.000000000Z,BUY,1.36434,98561.61000000016
2025-09-17T04:45:00.000000000Z,SELL,1.3642,101290.01000000015
2025-09-17T05:00:00.000000000Z,BUY,1.3646,98560.81000000014
2025-09-17T06:10:00.000000000Z,SELL,1.36388,101288.57000000015
2025-09-17T08:25:00.000000000Z,BUY,1.36395,98560.67000000016
2025-09-17T10:15:00.000000000Z,SELL,1.36407,101288.81000000017
2025-09-17T10:40:00.000000000Z,BUY,1.36514,98558.53000000017
2025-09-17T11:00:00.000000000Z,SELL,1.36442,101287.37000000017
2025-09-17T11:45:00.000000000Z,BUY,1.36481,98557.75000000017
2025-09-17T15:05:00.000000000Z,SELL,1.36624,101290.23000000019
2025-09-17T16:20:00.000000000Z,BUY,1.36673,98556.7700000002
2025-09-17T17:15:00.000000000Z,SELL,1.36614,101289.05000000019
2025-09-17T17:40:00.000000000Z,BUY,1.36643,98556.1900000002
2025-09-17T18:45:00.000000000Z,SELL,1.36492,101286.0300000002
2025-09-17T21:35:00.000000000Z,BUY,1.36292,98560.1900000002
2025-09-17T22:50:00.000000000Z,SELL,1.36272,101285.63000000021
2025-09-17T23:15:00.000000000Z,BUY,1.3629,98559.83000000022
2025-09-18T00:05:00.000000000Z,SELL,1.36228,101284.39000000022
2025-09-18T02:15:00.000000000Z,BUY,1.3622,98559.99000000022
2025-09-18T03:40:00.000000000Z,SELL,1.36218,101284.35000000021
2025-09-18T06:50:00.000000000Z,BUY,1.36002,98564.3100000002
2025-09-18T11:05:00.000000000Z,SELL,1.36332,101290.95000000022
2025-09-18T16:50:00.000000000Z,BUY,1.35554,98579.87000000023
2025-09-18T18:10:00.000000000Z,SELL,1.35559,101291.05000000022
2025-09-18T19:25:00.000000000Z,BUY,1.35541,98580.23000000021
2025-09-18T19:35:00.000000000Z,SELL,1.35486,101289.95000000022
2025-09-18T20:55:00.000000000Z,BUY,1.35541,98579.13000000021
2025-09-18T22:25:00.000000000Z,SELL,1.35532,101289.77000000022
2025-09-18T23:40:00.000000000Z,BUY,1.35541,98578.95000000022
2025-09-19T00:10:00.000000000Z,SELL,1.35434,101287.63000000021
2025-09-19T01:40:00.000000000Z,BUY,1.35456,98578.51000000021
2025-09-19T01:50:00.000000000Z,SELL,1.35396,101286.43000000023
2025-09-19T02:55:00.000000000Z,BUY,1.35414,98578.15000000023
2025-09-19T04:30:00.000000000Z,SELL,1.3546,101287.35000000024
2025-09-19T05:30:00.000000000Z,BUY,1.35498,98577.39000000025
2025-09-19T05:35:00.000000000Z,SELL,1.35452,101286.43000000025
2025-09-19T07:40:00.000000000Z,BUY,1.34984,98586.75000000026
2025-09-19T07:45:00.000000000Z,SELL,1.34962,101285.99000000025
2025-09-19T09:00:00.000000000Z,BUY,1.35028,98585.43000000025
2025-09-19T10:40:00.000000000Z,SELL,1.35045,101286.33000000025
2025-09-19T13:15:00.000000000Z,BUY,1.34926,98587.81000000026
2025-09-19T14:50:00.000000000Z,SELL,1.34882,101285.45000000027
2025-09-19T16:55:00.000000000Z,BUY,1.34828,98588.89000000028
2025-09-19T17:30:00.000000000Z,SELL,1.34742,101283.73000000027
2025-09-19T17:50:00.000000000Z,BUY,1.34802,98587.69000000026
2025-09-19T18:00:00.000000000Z,SELL,1.34738,101282.45000000027
2025-09-19T19:55:00.000000000Z,BUY,1.34724,98587.97000000026
2025-09-21T21:15:00.000000000Z,SELL,1.34683,101281.63000000027
2025-09-21T22:05:00.000000000Z,BUY,1.34716,98587.31000000026
2025-09-21T23:20:00.000000000Z,SELL,1.34699,101281.29000000027
2025-09-22T01:05:00.000000000Z,BUY,1.34733,98586.63000000027
2025-09-22T02:00:00.000000000Z,SELL,1.34644,101279.51000000027
2025-09-22T03:20:00.000000000Z,BUY,1.34646,98586.59000000026
2025-09-22T04:10:00.000000000Z,SELL,1.34616,101278.91000000027
2025-09-22T05:15:00.000000000Z,BUY,1.34615,98586.61000000028
2025-09-22T07:15:00.000000000Z,SELL,1.34748,101281.57000000027
2025-09-22T08:00:00.000000000Z,BUY,1.34859,98584.39000000028
2025-09-22T09:30:00.000000000Z,SELL,1.34956,101283.51000000027
2025-09-22T09:50:00.000000000Z,BUY,1.34989,98583.73000000027
2025-09-22T11:05:00.000000000Z,SELL,1.3496,101282.93000000028
2025-09-22T12:40:00.000000000Z,BUY,1.35068,98581.5700000003
2025-09-22T13:55:00.000000000Z,SELL,1.35072,101283.0100000003
2025-09-22T15:35:00.000000000Z,BUY,1.35032,98582.37000000029
2025-09-22T19:10:00.000000000Z,SELL,1.35162,101285.61000000028
2025-09-22T20:00:00.000000000Z,BUY,1.35162,98582.37000000029
2025-09-22T20:15:00.000000000Z,SELL,1.35155,101285.47000000029
2025-09-22T22:00:00.000000000Z,BUY,1.35155,98582.37000000029
2025-09-23T00:00:00.000000000Z,SELL,1.35121,101284.7900000003
2025-09-23T00:40:00.000000000Z,BUY,1.3516,98581.59000000029
2025-09-23T02:15:00.000000000Z,SELL,1.35141,101284.4100000003
2025-09-23T03:40:00.000000000Z,BUY,1.35126,98581.8900000003
2025-09-23T04:25:00.000000000Z,SELL,1.35064,101283.1700000003
2025-09-23T05:30:00.000000000Z,BUY,1.35144,98580.2900000003
2025-09-23T06:05:00.000000000Z,SELL,1.35085,101281.99000000031
2025-09-23T06:40:00.000000000Z,BUY,1.35143,98579.13000000032
2025-09-23T07:20:00.000000000Z,SELL,1.3512,101281.53000000032
2025-09-23T07:25:00.000000000Z,BUY,1.35142,98578.69000000032
2025-09-23T08:35:00.000000000Z,SELL,1.34954,101277.77000000031
2025-09-23T09:45:00.000000000Z,BUY,1.35044,98576.8900000003
2025-09-23T09:50:00.000000000Z,SELL,1.35044,101277.77000000031
2025-09-23T09:55:00.000000000Z,BUY,1.35051,98576.75000000032
2025-09-23T10:40:00.000000000Z,SELL,1.35006,101276.87000000032
2025-09-23T11:00:00.000000000Z,BUY,1.35174,98573.3900000003
2025-09-23T13:45:00.000000000Z,SELL,1.35104,101275.47000000029
2025-09-23T14:55:00.000000000Z,BUY,1.35248,98570.5100000003
2025-09-23T15:30:00.000000000Z,SELL,1.35104,101272.59000000029
2025-09-23T16:20:00.000000000Z,BUY,1.35206,98568.47000000029
2025-09-23T17:55:00.000000000Z,SELL,1.35166,101271.7900000003
2025-09-23T19:35:00.000000000Z,BUY,1.35217,98567.4500000003
2025-09-23T20:50:00.000000000Z,SELL,1.35236,101272.1700000003
2025-09-23T22:05:00.000000000Z,BUY,1.35274,98566.6900000003
2025-09-23T23:45:00.000000000Z,SELL,1.35243,101271.55000000028
2025-09-24T02:15:00.000000000Z,BUY,1.35162,98568.31000000029
2025-09-24T02:45:00.000000000Z,SELL,1.35114,101270.59000000029
2025-09-24T04:40:00.000000000Z,BUY,1.35075,98569.09000000029
2025-09-24T04:50:00.000000000Z,SELL,1.35078,101270.65000000029
2025-09-24T05:05:00.000000000Z,BUY,1.35083,98568.99000000028
2025-09-24T05:45:00.000000000Z,SELL,1.35016,101269.31000000029
2025-09-24T09:05:00.000000000Z,BUY,1.34836,98572.59000000029
2025-09-24T09:40:00.000000000Z,SELL,1.34745,101267.49000000028
2025-09-24T12:20:00.000000000Z,BUY,1.34665,98574.1900000003
2025-09-24T12:40:00.000000000Z,SELL,1.34504,101264.27000000028
2025-09-24T14:30:00.000000000Z,BUY,1.34442,98575.43000000028
2025-09-24T15:50:00.000000000Z,SELL,1.34489,101265.21000000028
2025-09-24T17:10:00.000000000Z,BUY,1.34547,98574.27000000028
2025-09-24T18:15:00.000000000Z,SELL,1.34506,101264.39000000028
2025-09-24T18:30:00.000000000Z,BUY,1.34532,98573.75000000026
2025-09-24T19:00:00.000000000Z,SELL,1.34485,101263.45000000027
2025-09-24T20:20:00.000000000Z,BUY,1.34482,98573.81000000026
2025-09-24T20:50:00.000000000Z,SELL,1.34454,101262.89000000025
2025-09-24T21:05:00.000000000Z,BUY,1.34521,98572.47000000023
2025-09-25T00:30:00.000000000Z,SELL,1.34534,101263.15000000023
2025-09-25T00:35:00.000000000Z,BUY,1.34537,98572.41000000024
2025-09-25T01:25:00.000000000Z,SELL,1.34504,101262.49000000022
2025-09-25T02:00:00.000000000Z,BUY,1.34556,98571.37000000023
2025-09-25T05:10:00.000000000Z,SELL,1.3458,101262.97000000023
2025-09-25T06:35:00.000000000Z,BUY,1.34558,98571.81000000023
2025-09-25T07:45:00.000000000Z,SELL,1.34466,101261.13000000024
2025-09-25T09:00:00.000000000Z,BUY,1.34495,98571.23000000024
2025-09-25T09:45:00.000000000Z,SELL,1.34496,101261.15000000026
2025-09-25T10:30:00.000000000Z,BUY,1.34535,98570.45000000024
2025-09-25T11:00:00.000000000Z,SELL,1.34446,101259.37000000026
2025-09-25T16:10:00.000000000Z,BUY,1.33534,98588.69000000026
2025-09-25T16:40:00.000000000Z,SELL,1.33437,101257.43000000025
2025-09-25T18:50:00.000000000Z,BUY,1.33356,98590.31000000026
2025-09-25T21:55:00.000000000Z,SELL,1.33409,101258.49000000025
2025-09-25T22:20:00.000000000Z,BUY,1.33438,98589.73000000024
2025-09-25T22:40:00.000000000Z,SELL,1.33441,101258.55000000025
2025-09-26T00:35:00.000000000Z,BUY,1.33378,98590.99000000025
2025-09-26T01:55:00.000000000Z,SELL,1.33419,101259.37000000026
2025-09-26T02:10:00.000000000Z,BUY,1.33467,98590.03000000026
2025-09-26T04:05:00.000000000Z,SELL,1.3351,101260.23000000027
2025-09-26T04:30:00.000000000Z,BUY,1.33526,98589.71000000028
2025-09-26T06:05:00.000000000Z,SELL,1.33558,101260.87000000029
2025-09-26T06:35:00.000000000Z,BUY,1.33609,98588.6900000003
2025-09-26T07:25:00.000000000Z,SELL,1.33536,101259.4100000003
2025-09-26T08:15:00.000000000Z,BUY,1.33586,98587.6900000003
2025-09-26T09:25:00.000000000Z,SELL,1.33594,101259.5700000003
2025-09-26T11:35:00.000000000Z,BUY,1.33534,98588.8900000003
2025-09-26T16:10:00.000000000Z,SELL,1.33982,101268.53000000032
2025-09-26T16:25:00.000000000Z,BUY,1.34084,98586.85000000033
2025-09-26T16:55:00.000000000Z,SELL,1.33985,101266.55000000034
2025-09-26T17:35:00.000000000Z,BUY,1.34068,98585.19000000035
2025-09-26T19:30:00.000000000Z,SELL,1.34054,101266.27000000034
2025-09-26T19:55:00.000000000Z,BUY,1.3408,98584.67000000033
2025-09-26T20:25:00.000000000Z,SELL,1.34064,101265.95000000033
2025-09-28T22:10:00.000000000Z,BUY,1.34033,98585.29000000033
2025-09-29T04:05:00.000000000Z,SELL,1.34302,101271.33000000034
2025-09-29T04:30:00.000000000Z,BUY,1.34334,98584.65000000034
2025-09-29T06:15:00.000000000Z,SELL,1.344,101272.65000000034
2025-09-29T06:30:00.000000000Z,BUY,1.34379,98585.07000000036
2025-09-29T06:50:00.000000000Z,SELL,1.34352,101272.11000000036
2025-09-29T07:05:00.000000000Z,BUY,1.34423,98583.65000000037
2025-09-29T08:25:00.000000000Z,SELL,1.34366,101270.97000000038
2025-09-29T09:35:00.000000000Z,BUY,1.34382,98583.33000000037
2025-09-29T09:40:00.000000000Z,SELL,1.3437,101270.73000000036
2025-09-29T11:40:00.000000000Z,BUY,1.34352,98583.69000000035
2025-09-29T13:55:00.000000000Z,SELL,1.34384,101271.37000000034
2025-09-29T15:25:00.000000000Z,BUY,1.34352,98584.33000000034
2025-09-29T16:45:00.000000000Z,SELL,1.34287,101270.07000000033
2025-09-29T18:20:00.000000000Z,BUY,1.34326,98583.55000000034
2025-09-29T20:00:00.000000000Z,SELL,1.34341,101270.37000000034
2025-09-29T22:05:00.000000000Z,BUY,1.34322,98583.93000000034
2025-09-30T00:10:00.000000000Z,SELL,1.3434,101270.73000000033
2025-09-30T01:25:00.000000000Z,BUY,1.34328,98584.17000000033
2025-09-30T01:50:00.000000000Z,SELL,1.34261,101269.39000000033
2025-09-30T02:35:00.000000000Z,BUY,1.34317,98583.05000000034
2025-09-30T04:25:00.000000000Z,SELL,1.34288,101268.81000000035
2025-09-30T04:55:00.000000000Z,BUY,1.34384,98581.13000000035
2025-09-30T06:00:00.000000000Z,SELL,1.34332,101267.77000000037
2025-09-30T06:25:00.000000000Z,BUY,1.3445,98578.77000000037
2025-09-30T07:50:00.000000000Z,SELL,1.34457,101267.91000000038
2025-09-30T08:05:00.000000000Z,BUY,1.34506,98577.79000000039
2025-09-30T08:40:00.000000000Z,SELL,1.34488,101267.5500000004
2025-09-30T08:45:00.000000000Z,BUY,1.34508,98577.39000000039
2025-09-30T09:10:00.000000000Z,SELL,1.3443,101265.9900000004
2025-09-30T10:00:00.000000000Z,BUY,1.34484,98576.3100000004
2025-09-30T10:15:00.000000000Z,SELL,1.34428,101264.8700000004
2025-09-30T12:05:00.000000000Z,BUY,1.3444,98576.07000000041
2025-09-30T13:05:00.000000000Z,SELL,1.34238,101260.83000000042
2025-09-30T13:50:00.000000000Z,BUY,1.3444,98572.03000000044
2025-09-30T15:25:00.000000000Z,SELL,1.3442,101260.43000000043
2025-09-30T16:30:00.000000000Z,BUY,1.34519,98570.05000000042
2025-09-30T18:00:00.000000000Z,SELL,1.34486,101259.77000000043
2025-09-30T19:20:00.000000000Z,BUY,1.3451,98569.57000000041
2025-09-30T19:45:00.000000000Z,SELL,1.3449,101259.3700000004
2025-09-30T19:50:00.000000000Z,BUY,1.34499,98569.39000000039
2025-09-30T20:05:00.000000000Z,SELL,1.3442,101257.79000000039
2025-09-30T21:15:00.000000000Z,BUY,1.34454,98568.7100000004
2025-09-30T22:40:00.000000000Z,SELL,1.34444,101257.5900000004
2025-09-30T23:10:00.000000000Z,BUY,1.34475,98568.0900000004
2025-09-30T23:45:00.000000000Z,SELL,1.34453,101257.1500000004
2025-10-01T01:35:00.000000000Z,BUY,1.344,98569.1500000004
2025-10-01T01:50:00.000000000Z,SELL,1.34389,101256.9300000004
2025-10-01T02:00:00.000000000Z,BUY,1.34416,98568.6100000004
2025-10-01T02:35:00.000000000Z,SELL,1.34368,101255.97000000038
2025-10-01T03:05:00.000000000Z,BUY,1.34408,98567.81000000038
2025-10-01T03:25:00.000000000Z,SELL,1.34396,101255.73000000039
2025-10-01T03:55:00.000000000Z,BUY,1.3441,98567.53000000038
2025-10-01T06:00:00.000000000Z,SELL,1.34574,101259.01000000039
2025-10-01T06:20:00.000000000Z,BUY,1.34648,98566.0500000004
2025-10-01T07:30:00.000000000Z,SELL,1.34578,101257.6100000004
2025-10-01T08:10:00.000000000Z,BUY,1.34688,98563.85000000038
2025-10-01T09:15:00.000000000Z,SELL,1.34694,101257.73000000039
2025-10-01T10:50:00.000000000Z,BUY,1.34712,98563.4900000004
2025-10-01T12:10:00.000000000Z,SELL,1.3475,101258.4900000004
2025-10-01T12:15:00.000000000Z,BUY,1.3509,98556.69000000041
2025-10-01T14:10:00.000000000Z,SELL,1.34978,101256.25000000041
2025-10-01T17:05:00.000000000Z,BUY,1.3477,98560.85000000041
2025-10-01T17:55:00.000000000Z,SELL,1.34728,101255.41000000041
2025-10-01T18:15:00.000000000Z,BUY,1.34816,98559.0900000004
2025-10-01T19:40:00.000000000Z,SELL,1.3483,101255.69000000041
2025-10-01T21:20:00.000000000Z,BUY,1.34775,98560.19000000041
2025-10-01T23:55:00.000000000Z,SELL,1.34785,101255.89000000042
2025-10-02T01:20:00.000000000Z,BUY,1.34794,98560.01000000042
2025-10-02T02:55:00.000000000Z,SELL,1.34809,101256.19000000041
2025-10-02T05:40:00.000000000Z,BUY,1.34774,98560.7100000004
2025-10-02T08:35:00.000000000Z,SELL,1.34947,101259.6500000004
2025-10-02T08:45:00.000000000Z,BUY,1.35002,98559.6100000004
2025-10-02T09:55:00.000000000Z,SELL,1.3499,101259.41000000038
2025-10-02T12:15:00.000000000Z,BUY,1.34796,98563.49000000037
2025-10-02T12:45:00.000000000Z,SELL,1.34712,101257.73000000036
2025-10-02T16:05:00.000000000Z,BUY,1.34276,98572.21000000037
2025-10-02T19:45:00.000000000Z,SELL,1.3444,101261.01000000036
2025-10-02T22:00:00.000000000Z,BUY,1.3447,98571.61000000036
2025-10-02T22:40:00.000000000Z,SELL,1.34414,101259.89000000036
2025-10-02T23:25:00.000000000Z,BUY,1.3443,98571.29000000036
2025-10-03T00:20:00.000000000Z,SELL,1.34432,101259.93000000037
2025-10-03T00:30:00.000000000Z,BUY,1.34422,98571.49000000037
2025-10-03T00:35:00.000000000Z,SELL,1.3442,101259.89000000036
2025-10-03T00:55:00.000000000Z,BUY,1.34448,98570.93000000037
2025-10-03T01:15:00.000000000Z,SELL,1.34376,101258.45000000036
2025-10-03T01:55:00.000000000Z,BUY,1.34456,98569.33000000037
2025-10-03T02:25:00.000000000Z,SELL,1.34389,101257.11000000036
2025-10-03T03:50:00.000000000Z,BUY,1.34415,98568.81000000038
2025-10-03T04:40:00.000000000Z,SELL,1.34402,101256.85000000038
2025-10-03T06:15:00.000000000Z,BUY,1.34407,98568.71000000037
2025-10-03T09:05:00.000000000Z,SELL,1.34486,101258.43000000037
2025-10-03T10:15:00.000000000Z,BUY,1.34528,98567.87000000037
2025-10-03T11:05:00.000000000Z,SELL,1.34502,101257.91000000038
2025-10-03T12:55:00.000000000Z,BUY,1.34583,98566.25000000038
2025-10-03T14:40:00.000000000Z,SELL,1.34618,101258.61000000036
2025-10-03T14:50:00.000000000Z,BUY,1.34692,98564.77000000037
2025-10-03T17:10:00.000000000Z,SELL,1.34787,101260.51000000036
2025-10-03T17:25:00.000000000Z,BUY,1.34802,98564.47000000035
2025-10-03T17:50:00.000000000Z,SELL,1.34674,101257.95000000036
2025-10-03T18:50:00.000000000Z,BUY,1.3477,98562.55000000037
2025-10-03T20:30:00.000000000Z,SELL,1.34796,101258.47000000038
2025-10-05T23:25:00.000000000Z,BUY,1.34344,98571.59000000037
2025-10-05T23:40:00.000000000Z,SELL,1.34306,101257.71000000037
2025-10-06T00:20:00.000000000Z,BUY,1.3434,98570.91000000038
2025-10-06T00:25:00.000000000Z,SELL,1.34328,101257.47000000038
2025-10-06T00:35:00.000000000Z,BUY,1.34338,98570.71000000037
2025-10-06T03:55:00.000000000Z,SELL,1.34522,101261.15000000037
2025-10-06T07:05:00.000000000Z,BUY,1.34547,98570.21000000037
2025-10-06T07:55:00.000000000Z,SELL,1.34436,101258.93000000037
2025-10-06T09:45:00.000000000Z,BUY,1.34298,98572.97000000038
2025-10-06T10:00:00.000000000Z,SELL,1.343,101258.97000000038
2025-10-06T10:05:00.000000000Z,BUY,1.3427,98573.57000000039
2025-10-06T10:15:00.000000000Z,SELL,1.34259,101258.75000000038
2025-10-06T10:35:00.000000000Z,BUY,1.3436,98571.55000000037
2025-10-06T11:00:00.000000000Z,SELL,1.34216,101255.87000000037
2025-10-06T11:40:00.000000000Z,BUY,1.34269,98570.49000000037
2025-10-06T11:45:00.000000000Z,SELL,1.34248,101255.45000000036
2025-10-06T11:50:00.000000000Z,BUY,1.3429,98569.65000000037
2025-10-06T11:55:00.000000000Z,SELL,1.3425,101254.65000000037
2025-10-06T12:10:00.000000000Z,BUY,1.34332,98568.01000000036
2025-10-06T15:35:00.000000000Z,SELL,1.34712,101262.25000000035
